id,name,height,weight,flat_abilities
1,bulbasaur,7,69,https://pokeapi.co/api/v2/ability/65/|https://pokeapi.co/api/v2/ability/34/
2,ivysaur,10,130,https://pokeapi.co/api/v2/ability/65/|https://pokeapi.co/api/v2/ability/34/
3,venusaur,20,1000,https://pokeapi.co/api/v2/ability/65/|https://pokeapi.co/api/v2/ability/34/
4,charmander,6,85,https://pokeapi.co/api/v2/ability/66/|https://pokeapi.co/api/v2/ability/94/
5,charmeleon,11,190,https://pokeapi.co/api/v2/ability/66/|https://pokeapi.co/api/v2/ability/94/
6,charizard,17,905,https://pokeapi.co/api/v2/ability/66/|https://pokeapi.co/api/v2/ability/94/
7,squirtle,5,90,https://pokeapi.co/api/v2/ability/67/|https://pokeapi.co/api/v2/ability/44/
8,wartortle,10,225,https://pokeapi.co/api/v2/ability/67/|https://pokeapi.co/api/v2/ability/44/
9,blastoise,16,855,https://pokeapi.co/api/v2/ability/67/|https://pokeapi.co/api/v2/ability/44/
10,caterpie,3,29,https://pokeapi.co/api/v2/ability/19/|https://pokeapi.co/api/v2/ability/50/
11,metapod,7,99,https://pokeapi.co/api/v2/ability/61/
12,butterfree,11,320,https://pokeapi.co/api/v2/ability/14/|https://pokeapi.co/api/v2/ability/110/
13,weedle,3,32,https://pokeapi.co/api/v2/ability/19/|https://pokeapi.co/api/v2/ability/50/
14,kakuna,6,100,https://pokeapi.co/api/v2/ability/61/
15,beedrill,10,295,https://pokeapi.co/api/v2/ability/68/|https://pokeapi.co/api/v2/ability/97/
16,pidgey,3,18,https://pokeapi.co/api/v2/ability/51/|https://pokeapi.co/api/v2/ability/77/|https://pokeapi.co/api/v2/ability/145/
17,pidgeotto,11,300,https://pokeapi.co/api/v2/ability/51/|https://pokeapi.co/api/v2/ability/77/|https://pokeapi.co/api/v2/ability/145/
18,pidgeot,15,395,https://pokeapi.co/api/v2/ability/51/|https://pokeapi.co/api/v2/ability/77/|https://pokeapi.co/api/v2/ability/145/
19,rattata,3,35,https://pokeapi.co/api/v2/ability/50/|https://pokeapi.co/api/v2/ability/62/|https://pokeapi.co/api/v2/ability/55/
20,raticate,7,185,https://pokeapi.co/api/v2/ability/50/|https://pokeapi.co/api/v2/ability/62/|https://pokeapi.co/api/v2/ability/55/
21,spearow,3,20,https://pokeapi.co/api/v2/ability/51/|https://pokeapi.co/api/v2/ability/97/
22,fearow,12,380,https://pokeapi.co/api/v2/ability/51/|https://pokeapi.co/api/v2/ability/97/
23,ekans,20,69,https://pokeapi.co/api/v2/ability/22/|https://pokeapi.co/api/v2/ability/61/|https://pokeapi.co/api/v2/ability/127/
24,arbok,35,650,https://pokeapi.co/api/v2/ability/22/|https://pokeapi.co/api/v2/ability/61/|https://pokeapi.co/api/v2/ability/127/
25,pikachu,4,60,https://pokeapi.co/api/v2/ability/9/|https://pokeapi.co/api/v2/ability/31/
26,raichu,8,300,https://pokeapi.co/api/v2/ability/9/|https://pokeapi.co/api/v2/ability/31/
27,sandshrew,6,120,https://pokeapi.co/api/v2/ability/8/|https://pokeapi.co/api/v2/ability/146/
28,sandslash,10,295,https://pokeapi.co/api/v2/ability/8/|https://pokeapi.co/api/v2/ability/146/
29,nidoran-f,4,70,https://pokeapi.co/api/v2/ability/38/|https://pokeapi.co/api/v2/ability/79/|https://pokeapi.co/api/v2/ability/55/
30,nidorina,8,200,https://pokeapi.co/api/v2/ability/38/|https://pokeapi.co/api/v2/ability/79/|https://pokeapi.co/api/v2/ability/55/
31,nidoqueen,13,600,https://pokeapi.co/api/v2/ability/38/|https://pokeapi.co/api/v2/ability/79/|https://pokeapi.co/api/v2/ability/125/
32,nidoran-m,5,90,https://pokeapi.co/api/v2/ability/38/|https://pokeapi.co/api/v2/ability/79/|https://pokeapi.co/api/v2/ability/55/
33,nidorino,9,195,https://pokeapi.co/api/v2/ability/38/|https://pokeapi.co/api/v2/ability/79/|https://pokeapi.co/api/v2/ability/55/
34,nidoking,14,620,https://pokeapi.co/api/v2/ability/38/|https://pokeapi.co/api/v2/ability/79/|https://pokeapi.co/api/v2/ability/125/
35,clefairy,6,75,https://pokeapi.co/api/v2/ability/56/|https://pokeapi.co/api/v2/ability/98/|https://pokeapi.co/api/v2/ability/132/
36,clefable,13,400,https://pokeapi.co/api/v2/ability/56/|https://pokeapi.co/api/v2/ability/98/|https://pokeapi.co/api/v2/ability/109/
37,vulpix,6,99,https://pokeapi.co/api/v2/ability/18/|https://pokeapi.co/api/v2/ability/70/
38,ninetales,11,199,https://pokeapi.co/api/v2/ability/18/|https://pokeapi.co/api/v2/ability/70/
39,jigglypuff,5,55,https://pokeapi.co/api/v2/ability/56/|https://pokeapi.co/api/v2/ability/172/|https://pokeapi.co/api/v2/ability/132/
40,wigglytuff,10,120,https://pokeapi.co/api/v2/ability/56/|https://pokeapi.co/api/v2/ability/172/|https://pokeapi.co/api/v2/ability/119/
41,zubat,8,75,https://pokeapi.co/api/v2/ability/39/|https://pokeapi.co/api/v2/ability/151/
42,golbat,16,550,https://pokeapi.co/api/v2/ability/39/|https://pokeapi.co/api/v2/ability/151/
43,oddish,5,54,https://pokeapi.co/api/v2/ability/34/|https://pokeapi.co/api/v2/ability/50/
44,gloom,8,86,https://pokeapi.co/api/v2/ability/34/|https://pokeapi.co/api/v2/ability/1/
45,vileplume,12,186,https://pokeapi.co/api/v2/ability/34/|https://pokeapi.co/api/v2/ability/27/
46,paras,3,54,https://pokeapi.co/api/v2/ability/27/|https://pokeapi.co/api/v2/ability/87/|https://pokeapi.co/api/v2/ability/6/
47,parasect,10,295,https://pokeapi.co/api/v2/ability/27/|https://pokeapi.co/api/v2/ability/87/|https://pokeapi.co/api/v2/ability/6/
48,venonat,10,300,https://pokeapi.co/api/v2/ability/14/|https://pokeapi.co/api/v2/ability/110/|https://pokeapi.co/api/v2/ability/50/
49,venomoth,15,125,https://pokeapi.co/api/v2/ability/19/|https://pokeapi.co/api/v2/ability/110/|https://pokeapi.co/api/v2/ability/147/
50,diglett,2,8,https://pokeapi.co/api/v2/ability/8/|https://pokeapi.co/api/v2/ability/71/|https://pokeapi.co/api/v2/ability/159/
51,dugtrio,7,333,https://pokeapi.co/api/v2/ability/8/|https://pokeapi.co/api/v2/ability/71/|https://pokeapi.co/api/v2/ability/159/
52,meowth,4,42,https://pokeapi.co/api/v2/ability/53/|https://pokeapi.co/api/v2/ability/101/|https://pokeapi.co/api/v2/ability/127/
53,persian,10,320,https://pokeapi.co/api/v2/ability/7/|https://pokeapi.co/api/v2/ability/101/|https://pokeapi.co/api/v2/ability/127/
54,psyduck,8,196,https://pokeapi.co/api/v2/ability/6/|https://pokeapi.co/api/v2/ability/13/|https://pokeapi.co/api/v2/ability/33/
55,golduck,17,766,https://pokeapi.co/api/v2/ability/6/|https://pokeapi.co/api/v2/ability/13/|https://pokeapi.co/api/v2/ability/33/
56,mankey,5,280,https://pokeapi.co/api/v2/ability/72/|https://pokeapi.co/api/v2/ability/83/|https://pokeapi.co/api/v2/ability/128/
57,primeape,10,320,https://pokeapi.co/api/v2/ability/72/|https://pokeapi.co/api/v2/ability/83/|https://pokeapi.co/api/v2/ability/128/
58,growlithe,7,190,https://pokeapi.co/api/v2/ability/22/|https://pokeapi.co/api/v2/ability/18/|https://pokeapi.co/api/v2/ability/154/
59,arcanine,19,1550,https://pokeapi.co/api/v2/ability/22/|https://pokeapi.co/api/v2/ability/18/|https://pokeapi.co/api/v2/ability/154/
60,poliwag,6,124,https://pokeapi.co/api/v2/ability/11/|https://pokeapi.co/api/v2/ability/6/|https://pokeapi.co/api/v2/ability/33/
61,poliwhirl,10,200,https://pokeapi.co/api/v2/ability/11/|https://pokeapi.co/api/v2/ability/6/|https://pokeapi.co/api/v2/ability/33/
62,poliwrath,13,540,https://pokeapi.co/api/v2/ability/11/|https://pokeapi.co/api/v2/ability/6/|https://pokeapi.co/api/v2/ability/33/
63,abra,9,195,https://pokeapi.co/api/v2/ability/28/|https://pokeapi.co/api/v2/ability/39/|https://pokeapi.co/api/v2/ability/98/
64,kadabra,13,565,https://pokeapi.co/api/v2/ability/28/|https://pokeapi.co/api/v2/ability/39/|https://pokeapi.co/api/v2/ability/98/
65,alakazam,15,480,https://pokeapi.co/api/v2/ability/28/|https://pokeapi.co/api/v2/ability/39/|https://pokeapi.co/api/v2/ability/98/
66,machop,8,195,https://pokeapi.co/api/v2/ability/62/|https://pokeapi.co/api/v2/ability/99/|https://pokeapi.co/api/v2/ability/80/
67,machoke,15,705,https://pokeapi.co/api/v2/ability/62/|https://pokeapi.co/api/v2/ability/99/|https://pokeapi.co/api/v2/ability/80/
68,machamp,16,1300,https://pokeapi.co/api/v2/ability/62/|https://pokeapi.co/api/v2/ability/99/|https://pokeapi.co/api/v2/ability/80/
69,bellsprout,7,40,https://pokeapi.co/api/v2/ability/34/|https://pokeapi.co/api/v2/ability/82/
70,weepinbell,10,64,https://pokeapi.co/api/v2/ability/34/|https://pokeapi.co/api/v2/ability/82/
71,victreebel,17,155,https://pokeapi.co/api/v2/ability/34/|https://pokeapi.co/api/v2/ability/82/
72,tentacool,9,455,https://pokeapi.co/api/v2/ability/29/|https://pokeapi.co/api/v2/ability/64/|https://pokeapi.co/api/v2/ability/44/
73,tentacruel,16,550,https://pokeapi.co/api/v2/ability/29/|https://pokeapi.co/api/v2/ability/64/|https://pokeapi.co/api/v2/ability/44/
74,geodude,4,200,https://pokeapi.co/api/v2/ability/69/|https://pokeapi.co/api/v2/ability/5/|https://pokeapi.co/api/v2/ability/8/
75,graveler,10,1050,https://pokeapi.co/api/v2/ability/69/|https://pokeapi.co/api/v2/ability/5/|https://pokeapi.co/api/v2/ability/8/
76,golem,14,3000,https://pokeapi.co/api/v2/ability/69/|https://pokeapi.co/api/v2/ability/5/|https://pokeapi.co/api/v2/ability/8/
77,ponyta,10,300,https://pokeapi.co/api/v2/ability/50/|https://pokeapi.co/api/v2/ability/18/|https://pokeapi.co/api/v2/ability/49/
78,rapidash,17,950,https://pokeapi.co/api/v2/ability/50/|https://pokeapi.co/api/v2/ability/18/|https://pokeapi.co/api/v2/ability/49/
79,slowpoke,12,360,https://pokeapi.co/api/v2/ability/12/|https://pokeapi.co/api/v2/ability/20/|https://pokeapi.co/api/v2/ability/144/
80,slowbro,16,785,https://pokeapi.co/api/v2/ability/12/|https://pokeapi.co/api/v2/ability/20/|https://pokeapi.co/api/v2/ability/144/
81,magnemite,3,60,https://pokeapi.co/api/v2/ability/42/|https://pokeapi.co/api/v2/ability/5/|https://pokeapi.co/api/v2/ability/148/
82,magneton,10,600,https://pokeapi.co/api/v2/ability/42/|https://pokeapi.co/api/v2/ability/5/|https://pokeapi.co/api/v2/ability/148/
83,farfetchd,8,150,https://pokeapi.co/api/v2/ability/51/|https://pokeapi.co/api/v2/ability/39/|https://pokeapi.co/api/v2/ability/128/
84,doduo,14,392,https://pokeapi.co/api/v2/ability/50/|https://pokeapi.co/api/v2/ability/48/|https://pokeapi.co/api/v2/ability/77/
85,dodrio,18,852,https://pokeapi.co/api/v2/ability/50/|https://pokeapi.co/api/v2/ability/48/|https://pokeapi.co/api/v2/ability/77/
86,seel,11,900,https://pokeapi.co/api/v2/ability/47/|https://pokeapi.co/api/v2/ability/93/|https://pokeapi.co/api/v2/ability/115/
87,dewgong,17,1200,https://pokeapi.co/api/v2/ability/47/|https://pokeapi.co/api/v2/ability/93/|https://pokeapi.co/api/v2/ability/115/
88,grimer,9,300,https://pokeapi.co/api/v2/ability/1/|https://pokeapi.co/api/v2/ability/60/|https://pokeapi.co/api/v2/ability/143/
89,muk,12,300,https://pokeapi.co/api/v2/ability/1/|https://pokeapi.co/api/v2/ability/60/|https://pokeapi.co/api/v2/ability/143/
90,shellder,3,40,https://pokeapi.co/api/v2/ability/75/|https://pokeapi.co/api/v2/ability/92/|https://pokeapi.co/api/v2/ability/142/
91,cloyster,15,1325,https://pokeapi.co/api/v2/ability/75/|https://pokeapi.co/api/v2/ability/92/|https://pokeapi.co/api/v2/ability/142/
92,gastly,13,1,https://pokeapi.co/api/v2/ability/26/
93,haunter,16,1,https://pokeapi.co/api/v2/ability/26/
94,gengar,15,405,https://pokeapi.co/api/v2/ability/130/
95,onix,88,2100,https://pokeapi.co/api/v2/ability/69/|https://pokeapi.co/api/v2/ability/5/|https://pokeapi.co/api/v2/ability/133/
96,drowzee,10,324,https://pokeapi.co/api/v2/ability/15/|https://pokeapi.co/api/v2/ability/108/|https://pokeapi.co/api/v2/ability/39/
97,hypno,16,756,https://pokeapi.co/api/v2/ability/15/|https://pokeapi.co/api/v2/ability/108/|https://pokeapi.co/api/v2/ability/39/
98,krabby,4,65,https://pokeapi.co/api/v2/ability/52/|https://pokeapi.co/api/v2/ability/75/|https://pokeapi.co/api/v2/ability/125/
99,kingler,13,600,https://pokeapi.co/api/v2/ability/52/|https://pokeapi.co/api/v2/ability/75/|https://pokeapi.co/api/v2/ability/125/
100,voltorb,5,104,https://pokeapi.co/api/v2/ability/43/|https://pokeapi.co/api/v2/ability/9/|https://pokeapi.co/api/v2/ability/106/
101,electrode,12,666,https://pokeapi.co/api/v2/ability/43/|https://pokeapi.co/api/v2/ability/9/|https://pokeapi.co/api/v2/ability/106/
102,exeggcute,4,25,https://pokeapi.co/api/v2/ability/34/|https://pokeapi.co/api/v2/ability/139/
103,exeggutor,20,1200,https://pokeapi.co/api/v2/ability/34/|https://pokeapi.co/api/v2/ability/139/
104,cubone,4,65,https://pokeapi.co/api/v2/ability/69/|https://pokeapi.co/api/v2/ability/31/|https://pokeapi.co/api/v2/ability/4/
105,marowak,10,450,https://pokeapi.co/api/v2/ability/69/|https://pokeapi.co/api/v2/ability/31/|https://pokeapi.co/api/v2/ability/4/
106,hitmonlee,15,498,https://pokeapi.co/api/v2/ability/7/|https://pokeapi.co/api/v2/ability/120/|https://pokeapi.co/api/v2/ability/84/
107,hitmonchan,14,502,https://pokeapi.co/api/v2/ability/51/|https://pokeapi.co/api/v2/ability/89/|https://pokeapi.co/api/v2/ability/39/
108,lickitung,12,655,https://pokeapi.co/api/v2/ability/20/|https://pokeapi.co/api/v2/ability/12/|https://pokeapi.co/api/v2/ability/13/
109,koffing,6,10,https://pokeapi.co/api/v2/ability/26/|https://pokeapi.co/api/v2/ability/256/|https://pokeapi.co/api/v2/ability/1/
110,weezing,12,95,https://pokeapi.co/api/v2/ability/26/|https://pokeapi.co/api/v2/ability/256/|https://pokeapi.co/api/v2/ability/1/
111,rhyhorn,10,1150,https://pokeapi.co/api/v2/ability/31/|https://pokeapi.co/api/v2/ability/69/|https://pokeapi.co/api/v2/ability/120/
112,rhydon,19,1200,https://pokeapi.co/api/v2/ability/31/|https://pokeapi.co/api/v2/ability/69/|https://pokeapi.co/api/v2/ability/120/
113,chansey,11,346,https://pokeapi.co/api/v2/ability/30/|https://pokeapi.co/api/v2/ability/32/|https://pokeapi.co/api/v2/ability/131/
114,tangela,10,350,https://pokeapi.co/api/v2/ability/34/|https://pokeapi.co/api/v2/ability/102/|https://pokeapi.co/api/v2/ability/144/
115,kangaskhan,22,800,https://pokeapi.co/api/v2/ability/48/|https://pokeapi.co/api/v2/ability/113/|https://pokeapi.co/api/v2/ability/39/
116,horsea,4,80,https://pokeapi.co/api/v2/ability/33/|https://pokeapi.co/api/v2/ability/97/|https://pokeapi.co/api/v2/ability/6/
117,seadra,12,250,https://pokeapi.co/api/v2/ability/38/|https://pokeapi.co/api/v2/ability/97/|https://pokeapi.co/api/v2/ability/6/
118,goldeen,6,150,https://pokeapi.co/api/v2/ability/33/|https://pokeapi.co/api/v2/ability/41/|https://pokeapi.co/api/v2/ability/31/
119,seaking,13,390,https://pokeapi.co/api/v2/ability/33/|https://pokeapi.co/api/v2/ability/41/|https://pokeapi.co/api/v2/ability/31/
120,staryu,8,345,https://pokeapi.co/api/v2/ability/35/|https://pokeapi.co/api/v2/ability/30/|https://pokeapi.co/api/v2/ability/148/
121,starmie,11,800,https://pokeapi.co/api/v2/ability/35/|https://pokeapi.co/api/v2/ability/30/|https://pokeapi.co/api/v2/ability/148/
122,mr-mime,13,545,https://pokeapi.co/api/v2/ability/43/|https://pokeapi.co/api/v2/ability/111/|https://pokeapi.co/api/v2/ability/101/
123,scyther,15,560,https://pokeapi.co/api/v2/ability/68/|https://pokeapi.co/api/v2/ability/101/|https://pokeapi.co/api/v2/ability/80/
124,jynx,14,406,https://pokeapi.co/api/v2/ability/12/|https://pokeapi.co/api/v2/ability/108/|https://pokeapi.co/api/v2/ability/87/
125,electabuzz,11,300,https://pokeapi.co/api/v2/ability/9/|https://pokeapi.co/api/v2/ability/72/
126,magmar,13,445,https://pokeapi.co/api/v2/ability/49/|https://pokeapi.co/api/v2/ability/72/
127,pinsir,15,550,https://pokeapi.co/api/v2/ability/52/|https://pokeapi.co/api/v2/ability/104/|https://pokeapi.co/api/v2/ability/153/
128,tauros,14,884,https://pokeapi.co/api/v2/ability/22/|https://pokeapi.co/api/v2/ability/83/|https://pokeapi.co/api/v2/ability/125/
129,magikarp,9,100,https://pokeapi.co/api/v2/ability/33/|https://pokeapi.co/api/v2/ability/155/
130,gyarados,65,2350,https://pokeapi.co/api/v2/ability/22/|https://pokeapi.co/api/v2/ability/153/
131,lapras,25,2200,https://pokeapi.co/api/v2/ability/11/|https://pokeapi.co/api/v2/ability/75/|https://pokeapi.co/api/v2/ability/93/
132,ditto,3,40,https://pokeapi.co/api/v2/ability/7/|https://pokeapi.co/api/v2/ability/150/
133,eevee,3,65,https://pokeapi.co/api/v2/ability/50/|https://pokeapi.co/api/v2/ability/91/|https://pokeapi.co/api/v2/ability/107/
134,vaporeon,10,290,https://pokeapi.co/api/v2/ability/11/|https://pokeapi.co/api/v2/ability/93/
135,jolteon,8,245,https://pokeapi.co/api/v2/ability/10/|https://pokeapi.co/api/v2/ability/95/
136,flareon,9,250,https://pokeapi.co/api/v2/ability/18/|https://pokeapi.co/api/v2/ability/62/
137,porygon,8,365,https://pokeapi.co/api/v2/ability/36/|https://pokeapi.co/api/v2/ability/88/|https://pokeapi.co/api/v2/ability/148/
138,omanyte,4,75,https://pokeapi.co/api/v2/ability/33/|https://pokeapi.co/api/v2/ability/75/|https://pokeapi.co/api/v2/ability/133/
139,omastar,10,350,https://pokeapi.co/api/v2/ability/33/|https://pokeapi.co/api/v2/ability/75/|https://pokeapi.co/api/v2/ability/133/
140,kabuto,5,115,https://pokeapi.co/api/v2/ability/33/|https://pokeapi.co/api/v2/ability/4/|https://pokeapi.co/api/v2/ability/133/
141,kabutops,13,405,https://pokeapi.co/api/v2/ability/33/|https://pokeapi.co/api/v2/ability/4/|https://pokeapi.co/api/v2/ability/133/
142,aerodactyl,18,590,https://pokeapi.co/api/v2/ability/69/|https://pokeapi.co/api/v2/ability/46/|https://pokeapi.co/api/v2/ability/127/
143,snorlax,21,4600,https://pokeapi.co/api/v2/ability/17/|https://pokeapi.co/api/v2/ability/47/|https://pokeapi.co/api/v2/ability/82/
144,articuno,17,554,https://pokeapi.co/api/v2/ability/46/|https://pokeapi.co/api/v2/ability/81/
145,zapdos,16,526,https://pokeapi.co/api/v2/ability/46/|https://pokeapi.co/api/v2/ability/9/
146,moltres,20,600,https://pokeapi.co/api/v2/ability/46/|https://pokeapi.co/api/v2/ability/49/
147,dratini,18,33,https://pokeapi.co/api/v2/ability/61/|https://pokeapi.co/api/v2/ability/63/
148,dragonair,40,165,https://pokeapi.co/api/v2/ability/61/|https://pokeapi.co/api/v2/ability/63/
149,dragonite,22,2100,https://pokeapi.co/api/v2/ability/39/|https://pokeapi.co/api/v2/ability/136/
150,mewtwo,20,1220,https://pokeapi.co/api/v2/ability/46/|https://pokeapi.co/api/v2/ability/127/
151,mew,4,40,https://pokeapi.co/api/v2/ability/28/
152,chikorita,9,64,https://pokeapi.co/api/v2/ability/65/|https://pokeapi.co/api/v2/ability/102/
153,bayleef,12,158,https://pokeapi.co/api/v2/ability/65/|https://pokeapi.co/api/v2/ability/102/
154,meganium,18,1005,https://pokeapi.co/api/v2/ability/65/|https://pokeapi.co/api/v2/ability/102/
155,cyndaquil,5,79,https://pokeapi.co/api/v2/ability/66/|https://pokeapi.co/api/v2/ability/18/
156,quilava,9,190,https://pokeapi.co/api/v2/ability/66/|https://pokeapi.co/api/v2/ability/18/
157,typhlosion,17,795,https://pokeapi.co/api/v2/ability/66/|https://pokeapi.co/api/v2/ability/18/
158,totodile,6,95,https://pokeapi.co/api/v2/ability/67/|https://pokeapi.co/api/v2/ability/125/
159,croconaw,11,250,https://pokeapi.co/api/v2/ability/67/|https://pokeapi.co/api/v2/ability/125/
160,feraligatr,23,888,https://pokeapi.co/api/v2/ability/67/|https://pokeapi.co/api/v2/ability/125/
161,sentret,8,60,https://pokeapi.co/api/v2/ability/50/|https://pokeapi.co/api/v2/ability/51/|https://pokeapi.co/api/v2/ability/119/
162,furret,18,325,https://pokeapi.co/api/v2/ability/50/|https://pokeapi.co/api/v2/ability/51/|https://pokeapi.co/api/v2/ability/119/
163,hoothoot,7,212,https://pokeapi.co/api/v2/ability/15/|https://pokeapi.co/api/v2/ability/51/|https://pokeapi.co/api/v2/ability/110/
164,noctowl,16,408,https://pokeapi.co/api/v2/ability/15/|https://pokeapi.co/api/v2/ability/51/|https://pokeapi.co/api/v2/ability/110/
165,ledyba,10,108,https://pokeapi.co/api/v2/ability/68/|https://pokeapi.co/api/v2/ability/48/|https://pokeapi.co/api/v2/ability/155/
166,ledian,14,356,https://pokeapi.co/api/v2/ability/68/|https://pokeapi.co/api/v2/ability/48/|https://pokeapi.co/api/v2/ability/89/
167,spinarak,5,85,https://pokeapi.co/api/v2/ability/68/|https://pokeapi.co/api/v2/ability/15/|https://pokeapi.co/api/v2/ability/97/
168,ariados,11,335,https://pokeapi.co/api/v2/ability/68/|https://pokeapi.co/api/v2/ability/15/|https://pokeapi.co/api/v2/ability/97/
169,crobat,18,750,https://pokeapi.co/api/v2/ability/39/|https://pokeapi.co/api/v2/ability/151/
170,chinchou,5,120,https://pokeapi.co/api/v2/ability/10/|https://pokeapi.co/api/v2/ability/35/|https://pokeapi.co/api/v2/ability/11/
171,lanturn,12,225,https://pokeapi.co/api/v2/ability/10/|https://pokeapi.co/api/v2/ability/35/|https://pokeapi.co/api/v2/ability/11/
172,pichu,3,20,https://pokeapi.co/api/v2/ability/9/|https://pokeapi.co/api/v2/ability/31/
173,cleffa,3,30,https://pokeapi.co/api/v2/ability/56/|https://pokeapi.co/api/v2/ability/98/|https://pokeapi.co/api/v2/ability/132/
174,igglybuff,3,10,https://pokeapi.co/api/v2/ability/56/|https://pokeapi.co/api/v2/ability/172/|https://pokeapi.co/api/v2/ability/132/
175,togepi,3,15,https://pokeapi.co/api/v2/ability/55/|https://pokeapi.co/api/v2/ability/32/|https://pokeapi.co/api/v2/ability/105/
176,togetic,6,32,https://pokeapi.co/api/v2/ability/55/|https://pokeapi.co/api/v2/ability/32/|https://pokeapi.co/api/v2/ability/105/
177,natu,2,20,https://pokeapi.co/api/v2/ability/28/|https://pokeapi.co/api/v2/ability/48/|https://pokeapi.co/api/v2/ability/156/
178,xatu,15,150,https://pokeapi.co/api/v2/ability/28/|https://pokeapi.co/api/v2/ability/48/|https://pokeapi.co/api/v2/ability/156/
179,mareep,6,78,https://pokeapi.co/api/v2/ability/9/|https://pokeapi.co/api/v2/ability/57/
180,flaaffy,8,133,https://pokeapi.co/api/v2/ability/9/|https://pokeapi.co/api/v2/ability/57/
181,ampharos,14,615,https://pokeapi.co/api/v2/ability/9/|https://pokeapi.co/api/v2/ability/57/
182,bellossom,4,58,https://pokeapi.co/api/v2/ability/34/|https://pokeapi.co/api/v2/ability/131/
183,marill,4,85,https://pokeapi.co/api/v2/ability/47/|https://pokeapi.co/api/v2/ability/37/|https://pokeapi.co/api/v2/ability/157/
184,azumarill,8,285,https://pokeapi.co/api/v2/ability/47/|https://pokeapi.co/api/v2/ability/37/|https://pokeapi.co/api/v2/ability/157/
185,sudowoodo,12,380,https://pokeapi.co/api/v2/ability/5/|https://pokeapi.co/api/v2/ability/69/|https://pokeapi.co/api/v2/ability/155/
186,politoed,11,339,https://pokeapi.co/api/v2/ability/11/|https://pokeapi.co/api/v2/ability/6/|https://pokeapi.co/api/v2/ability/2/
187,hoppip,4,5,https://pokeapi.co/api/v2/ability/34/|https://pokeapi.co/api/v2/ability/102/|https://pokeapi.co/api/v2/ability/151/
188,skiploom,6,10,https://pokeapi.co/api/v2/ability/34/|https://pokeapi.co/api/v2/ability/102/|https://pokeapi.co/api/v2/ability/151/
189,jumpluff,8,30,https://pokeapi.co/api/v2/ability/34/|https://pokeapi.co/api/v2/ability/102/|https://pokeapi.co/api/v2/ability/151/
190,aipom,8,115,https://pokeapi.co/api/v2/ability/50/|https://pokeapi.co/api/v2/ability/53/|https://pokeapi.co/api/v2/ability/92/
191,sunkern,3,18,https://pokeapi.co/api/v2/ability/34/|https://pokeapi.co/api/v2/ability/94/|https://pokeapi.co/api/v2/ability/48/
192,sunflora,8,85,https://pokeapi.co/api/v2/ability/34/|https://pokeapi.co/api/v2/ability/94/|https://pokeapi.co/api/v2/ability/48/
193,yanma,12,380,https://pokeapi.co/api/v2/ability/3/|https://pokeapi.co/api/v2/ability/14/|https://pokeapi.co/api/v2/ability/119/
194,wooper,4,85,https://pokeapi.co/api/v2/ability/6/|https://pokeapi.co/api/v2/ability/11/|https://pokeapi.co/api/v2/ability/109/
195,quagsire,14,750,https://pokeapi.co/api/v2/ability/6/|https://pokeapi.co/api/v2/ability/11/|https://pokeapi.co/api/v2/ability/109/
196,espeon,9,265,https://pokeapi.co/api/v2/ability/28/|https://pokeapi.co/api/v2/ability/156/
197,umbreon,10,270,https://pokeapi.co/api/v2/ability/28/|https://pokeapi.co/api/v2/ability/39/
198,murkrow,5,21,https://pokeapi.co/api/v2/ability/15/|https://pokeapi.co/api/v2/ability/105/|https://pokeapi.co/api/v2/ability/158/
199,slowking,20,795,https://pokeapi.co/api/v2/ability/12/|https://pokeapi.co/api/v2/ability/20/|https://pokeapi.co/api/v2/ability/144/
200,misdreavus,7,10,https://pokeapi.co/api/v2/ability/26/
201,unown,5,50,https://pokeapi.co/api/v2/ability/26/
202,wobbuffet,13,285,https://pokeapi.co/api/v2/ability/23/|https://pokeapi.co/api/v2/ability/140/
203,girafarig,15,415,https://pokeapi.co/api/v2/ability/39/|https://pokeapi.co/api/v2/ability/48/|https://pokeapi.co/api/v2/ability/157/
204,pineco,6,72,https://pokeapi.co/api/v2/ability/5/|https://pokeapi.co/api/v2/ability/142/
205,forretress,12,1258,https://pokeapi.co/api/v2/ability/5/|https://pokeapi.co/api/v2/ability/142/
206,dunsparce,15,140,https://pokeapi.co/api/v2/ability/32/|https://pokeapi.co/api/v2/ability/50/|https://pokeapi.co/api/v2/ability/155/
207,gligar,11,648,https://pokeapi.co/api/v2/ability/52/|https://pokeapi.co/api/v2/ability/8/|https://pokeapi.co/api/v2/ability/17/
208,steelix,92,4000,https://pokeapi.co/api/v2/ability/69/|https://pokeapi.co/api/v2/ability/5/|https://pokeapi.co/api/v2/ability/125/
209,snubbull,6,78,https://pokeapi.co/api/v2/ability/22/|https://pokeapi.co/api/v2/ability/50/|https://pokeapi.co/api/v2/ability/155/
210,granbull,14,487,https://pokeapi.co/api/v2/ability/22/|https://pokeapi.co/api/v2/ability/95/|https://pokeapi.co/api/v2/ability/155/
211,qwilfish,5,39,https://pokeapi.co/api/v2/ability/38/|https://pokeapi.co/api/v2/ability/33/|https://pokeapi.co/api/v2/ability/22/
212,scizor,18,1180,https://pokeapi.co/api/v2/ability/68/|https://pokeapi.co/api/v2/ability/101/|https://pokeapi.co/api/v2/ability/135/
213,shuckle,6,205,https://pokeapi.co/api/v2/ability/5/|https://pokeapi.co/api/v2/ability/82/|https://pokeapi.co/api/v2/ability/126/
214,heracross,15,540,https://pokeapi.co/api/v2/ability/68/|https://pokeapi.co/api/v2/ability/62/|https://pokeapi.co/api/v2/ability/153/
215,sneasel,9,280,https://pokeapi.co/api/v2/ability/39/|https://pokeapi.co/api/v2/ability/51/|https://pokeapi.co/api/v2/ability/124/
216,teddiursa,6,88,https://pokeapi.co/api/v2/ability/53/|https://pokeapi.co/api/v2/ability/95/|https://pokeapi.co/api/v2/ability/118/
217,ursaring,18,1258,https://pokeapi.co/api/v2/ability/62/|https://pokeapi.co/api/v2/ability/95/|https://pokeapi.co/api/v2/ability/127/
218,slugma,7,350,https://pokeapi.co/api/v2/ability/40/|https://pokeapi.co/api/v2/ability/49/|https://pokeapi.co/api/v2/ability/133/
219,magcargo,8,550,https://pokeapi.co/api/v2/ability/40/|https://pokeapi.co/api/v2/ability/49/|https://pokeapi.co/api/v2/ability/133/
220,swinub,4,65,https://pokeapi.co/api/v2/ability/12/|https://pokeapi.co/api/v2/ability/81/|https://pokeapi.co/api/v2/ability/47/
221,piloswine,11,558,https://pokeapi.co/api/v2/ability/12/|https://pokeapi.co/api/v2/ability/81/|https://pokeapi.co/api/v2/ability/47/
222,corsola,6,50,https://pokeapi.co/api/v2/ability/55/|https://pokeapi.co/api/v2/ability/30/|https://pokeapi.co/api/v2/ability/144/
223,remoraid,6,120,https://pokeapi.co/api/v2/ability/55/|https://pokeapi.co/api/v2/ability/97/|https://pokeapi.co/api/v2/ability/141/
224,octillery,9,285,https://pokeapi.co/api/v2/ability/21/|https://pokeapi.co/api/v2/ability/97/|https://pokeapi.co/api/v2/ability/141/
225,delibird,9,160,https://pokeapi.co/api/v2/ability/72/|https://pokeapi.co/api/v2/ability/55/|https://pokeapi.co/api/v2/ability/15/
226,mantine,21,2200,https://pokeapi.co/api/v2/ability/33/|https://pokeapi.co/api/v2/ability/11/|https://pokeapi.co/api/v2/ability/41/
227,skarmory,17,505,https://pokeapi.co/api/v2/ability/51/|https://pokeapi.co/api/v2/ability/5/|https://pokeapi.co/api/v2/ability/133/
228,houndour,6,108,https://pokeapi.co/api/v2/ability/48/|https://pokeapi.co/api/v2/ability/18/|https://pokeapi.co/api/v2/ability/127/
229,houndoom,14,350,https://pokeapi.co/api/v2/ability/48/|https://pokeapi.co/api/v2/ability/18/|https://pokeapi.co/api/v2/ability/127/
230,kingdra,18,1520,https://pokeapi.co/api/v2/ability/33/|https://pokeapi.co/api/v2/ability/97/|https://pokeapi.co/api/v2/ability/6/
231,phanpy,5,335,https://pokeapi.co/api/v2/ability/53/|https://pokeapi.co/api/v2/ability/8/
232,donphan,11,1200,https://pokeapi.co/api/v2/ability/5/|https://pokeapi.co/api/v2/ability/8/
233,porygon2,6,325,https://pokeapi.co/api/v2/ability/36/|https://pokeapi.co/api/v2/ability/88/|https://pokeapi.co/api/v2/ability/148/
234,stantler,14,712,https://pokeapi.co/api/v2/ability/22/|https://pokeapi.co/api/v2/ability/119/|https://pokeapi.co/api/v2/ability/157/
235,smeargle,12,580,https://pokeapi.co/api/v2/ability/20/|https://pokeapi.co/api/v2/ability/101/|https://pokeapi.co/api/v2/ability/141/
236,tyrogue,7,210,https://pokeapi.co/api/v2/ability/62/|https://pokeapi.co/api/v2/ability/80/|https://pokeapi.co/api/v2/ability/72/
237,hitmontop,14,480,https://pokeapi.co/api/v2/ability/22/|https://pokeapi.co/api/v2/ability/101/|https://pokeapi.co/api/v2/ability/80/
238,smoochum,4,60,https://pokeapi.co/api/v2/ability/12/|https://pokeapi.co/api/v2/ability/108/|https://pokeapi.co/api/v2/ability/93/
239,elekid,6,235,https://pokeapi.co/api/v2/ability/9/|https://pokeapi.co/api/v2/ability/72/
240,magby,7,214,https://pokeapi.co/api/v2/ability/49/|https://pokeapi.co/api/v2/ability/72/
241,miltank,12,755,https://pokeapi.co/api/v2/ability/47/|https://pokeapi.co/api/v2/ability/113/|https://pokeapi.co/api/v2/ability/157/
242,blissey,15,468,https://pokeapi.co/api/v2/ability/30/|https://pokeapi.co/api/v2/ability/32/|https://pokeapi.co/api/v2/ability/131/
243,raikou,19,1780,https://pokeapi.co/api/v2/ability/46/|https://pokeapi.co/api/v2/ability/39/
244,entei,21,1980,https://pokeapi.co/api/v2/ability/46/|https://pokeapi.co/api/v2/ability/39/
245,suicune,20,1870,https://pokeapi.co/api/v2/ability/46/|https://pokeapi.co/api/v2/ability/39/
246,larvitar,6,720,https://pokeapi.co/api/v2/ability/62/|https://pokeapi.co/api/v2/ability/8/
247,pupitar,12,1520,https://pokeapi.co/api/v2/ability/61/
248,tyranitar,20,2020,https://pokeapi.co/api/v2/ability/45/|https://pokeapi.co/api/v2/ability/127/
249,lugia,52,2160,https://pokeapi.co/api/v2/ability/46/|https://pokeapi.co/api/v2/ability/136/
250,ho-oh,38,1990,https://pokeapi.co/api/v2/ability/46/|https://pokeapi.co/api/v2/ability/144/
251,celebi,6,50,https://pokeapi.co/api/v2/ability/30/
252,treecko,5,50,https://pokeapi.co/api/v2/ability/65/|https://pokeapi.co/api/v2/ability/84/
253,grovyle,9,216,https://pokeapi.co/api/v2/ability/65/|https://pokeapi.co/api/v2/ability/84/
254,sceptile,17,522,https://pokeapi.co/api/v2/ability/65/|https://pokeapi.co/api/v2/ability/84/
255,torchic,4,25,https://pokeapi.co/api/v2/ability/66/|https://pokeapi.co/api/v2/ability/3/
256,combusken,9,195,https://pokeapi.co/api/v2/ability/66/|https://pokeapi.co/api/v2/ability/3/
257,blaziken,19,520,https://pokeapi.co/api/v2/ability/66/|https://pokeapi.co/api/v2/ability/3/
258,mudkip,4,76,https://pokeapi.co/api/v2/ability/67/|https://pokeapi.co/api/v2/ability/6/
259,marshtomp,7,280,https://pokeapi.co/api/v2/ability/67/|https://pokeapi.co/api/v2/ability/6/
260,swampert,15,819,https://pokeapi.co/api/v2/ability/67/|https://pokeapi.co/api/v2/ability/6/
261,poochyena,5,136,https://pokeapi.co/api/v2/ability/50/|https://pokeapi.co/api/v2/ability/95/|https://pokeapi.co/api/v2/ability/155/
262,mightyena,10,370,https://pokeapi.co/api/v2/ability/22/|https://pokeapi.co/api/v2/ability/95/|https://pokeapi.co/api/v2/ability/153/
263,zigzagoon,4,175,https://pokeapi.co/api/v2/ability/53/|https://pokeapi.co/api/v2/ability/82/|https://pokeapi.co/api/v2/ability/95/
264,linoone,5,325,https://pokeapi.co/api/v2/ability/53/|https://pokeapi.co/api/v2/ability/82/|https://pokeapi.co/api/v2/ability/95/
265,wurmple,3,36,https://pokeapi.co/api/v2/ability/19/|https://pokeapi.co/api/v2/ability/50/
266,silcoon,6,100,https://pokeapi.co/api/v2/ability/61/
267,beautifly,10,284,https://pokeapi.co/api/v2/ability/68/|https://pokeapi.co/api/v2/ability/79/
268,cascoon,7,115,https://pokeapi.co/api/v2/ability/61/
269,dustox,12,316,https://pokeapi.co/api/v2/ability/19/|https://pokeapi.co/api/v2/ability/14/
270,lotad,5,26,https://pokeapi.co/api/v2/ability/33/|https://pokeapi.co/api/v2/ability/44/|https://pokeapi.co/api/v2/ability/20/
271,lombre,12,325,https://pokeapi.co/api/v2/ability/33/|https://pokeapi.co/api/v2/ability/44/|https://pokeapi.co/api/v2/ability/20/
272,ludicolo,15,550,https://pokeapi.co/api/v2/ability/33/|https://pokeapi.co/api/v2/ability/44/|https://pokeapi.co/api/v2/ability/20/
273,seedot,5,40,https://pokeapi.co/api/v2/ability/34/|https://pokeapi.co/api/v2/ability/48/|https://pokeapi.co/api/v2/ability/124/
274,nuzleaf,10,280,https://pokeapi.co/api/v2/ability/34/|https://pokeapi.co/api/v2/ability/48/|https://pokeapi.co/api/v2/ability/124/
275,shiftry,13,596,https://pokeapi.co/api/v2/ability/34/|https://pokeapi.co/api/v2/ability/48/|https://pokeapi.co/api/v2/ability/124/
276,taillow,3,23,https://pokeapi.co/api/v2/ability/62/|https://pokeapi.co/api/v2/ability/113/
277,swellow,7,198,https://pokeapi.co/api/v2/ability/62/|https://pokeapi.co/api/v2/ability/113/
278,wingull,6,95,https://pokeapi.co/api/v2/ability/51/|https://pokeapi.co/api/v2/ability/93/|https://pokeapi.co/api/v2/ability/44/
279,pelipper,12,280,https://pokeapi.co/api/v2/ability/51/|https://pokeapi.co/api/v2/ability/2/|https://pokeapi.co/api/v2/ability/44/
280,ralts,4,66,https://pokeapi.co/api/v2/ability/28/|https://pokeapi.co/api/v2/ability/36/|https://pokeapi.co/api/v2/ability/140/
281,kirlia,8,202,https://pokeapi.co/api/v2/ability/28/|https://pokeapi.co/api/v2/ability/36/|https://pokeapi.co/api/v2/ability/140/
282,gardevoir,16,484,https://pokeapi.co/api/v2/ability/28/|https://pokeapi.co/api/v2/ability/36/|https://pokeapi.co/api/v2/ability/140/
283,surskit,5,17,https://pokeapi.co/api/v2/ability/33/|https://pokeapi.co/api/v2/ability/44/
284,masquerain,8,36,https://pokeapi.co/api/v2/ability/22/|https://pokeapi.co/api/v2/ability/127/
285,shroomish,4,45,https://pokeapi.co/api/v2/ability/27/|https://pokeapi.co/api/v2/ability/90/|https://pokeapi.co/api/v2/ability/95/
286,breloom,12,392,https://pokeapi.co/api/v2/ability/27/|https://pokeapi.co/api/v2/ability/90/|https://pokeapi.co/api/v2/ability/101/
287,slakoth,8,240,https://pokeapi.co/api/v2/ability/54/
288,vigoroth,14,465,https://pokeapi.co/api/v2/ability/72/
289,slaking,20,1305,https://pokeapi.co/api/v2/ability/54/
290,nincada,5,55,https://pokeapi.co/api/v2/ability/14/|https://pokeapi.co/api/v2/ability/50/
291,ninjask,8,120,https://pokeapi.co/api/v2/ability/3/|https://pokeapi.co/api/v2/ability/151/
292,shedinja,8,12,https://pokeapi.co/api/v2/ability/25/
293,whismur,6,163,https://pokeapi.co/api/v2/ability/43/|https://pokeapi.co/api/v2/ability/155/
294,loudred,10,405,https://pokeapi.co/api/v2/ability/43/|https://pokeapi.co/api/v2/ability/113/
295,exploud,15,840,https://pokeapi.co/api/v2/ability/43/|https://pokeapi.co/api/v2/ability/113/
296,makuhita,10,864,https://pokeapi.co/api/v2/ability/47/|https://pokeapi.co/api/v2/ability/62/|https://pokeapi.co/api/v2/ability/125/
297,hariyama,23,2538,https://pokeapi.co/api/v2/ability/47/|https://pokeapi.co/api/v2/ability/62/|https://pokeapi.co/api/v2/ability/125/
298,azurill,2,20,https://pokeapi.co/api/v2/ability/47/|https://pokeapi.co/api/v2/ability/37/|https://pokeapi.co/api/v2/ability/157/
299,nosepass,10,970,https://pokeapi.co/api/v2/ability/5/|https://pokeapi.co/api/v2/ability/42/|https://pokeapi.co/api/v2/ability/159/
300,skitty,6,110,https://pokeapi.co/api/v2/ability/56/|https://pokeapi.co/api/v2/ability/96/|https://pokeapi.co/api/v2/ability/147/
301,delcatty,11,326,https://pokeapi.co/api/v2/ability/56/|https://pokeapi.co/api/v2/ability/96/|https://pokeapi.co/api/v2/ability/147/
302,sableye,5,110,https://pokeapi.co/api/v2/ability/51/|https://pokeapi.co/api/v2/ability/100/|https://pokeapi.co/api/v2/ability/158/
303,mawile,6,115,https://pokeapi.co/api/v2/ability/52/|https://pokeapi.co/api/v2/ability/22/|https://pokeapi.co/api/v2/ability/125/
304,aron,4,600,https://pokeapi.co/api/v2/ability/5/|https://pokeapi.co/api/v2/ability/69/|https://pokeapi.co/api/v2/ability/134/
305,lairon,9,1200,https://pokeapi.co/api/v2/ability/5/|https://pokeapi.co/api/v2/ability/69/|https://pokeapi.co/api/v2/ability/134/
306,aggron,21,3600,https://pokeapi.co/api/v2/ability/5/|https://pokeapi.co/api/v2/ability/69/|https://pokeapi.co/api/v2/ability/134/
307,meditite,6,112,https://pokeapi.co/api/v2/ability/74/|https://pokeapi.co/api/v2/ability/140/
308,medicham,13,315,https://pokeapi.co/api/v2/ability/74/|https://pokeapi.co/api/v2/ability/140/
309,electrike,6,152,https://pokeapi.co/api/v2/ability/9/|https://pokeapi.co/api/v2/ability/31/|https://pokeapi.co/api/v2/ability/58/
310,manectric,15,402,https://pokeapi.co/api/v2/ability/9/|https://pokeapi.co/api/v2/ability/31/|https://pokeapi.co/api/v2/ability/58/
311,plusle,4,42,https://pokeapi.co/api/v2/ability/57/|https://pokeapi.co/api/v2/ability/31/
312,minun,4,42,https://pokeapi.co/api/v2/ability/58/|https://pokeapi.co/api/v2/ability/10/
313,volbeat,7,177,https://pokeapi.co/api/v2/ability/35/|https://pokeapi.co/api/v2/ability/68/|https://pokeapi.co/api/v2/ability/158/
314,illumise,6,177,https://pokeapi.co/api/v2/ability/12/|https://pokeapi.co/api/v2/ability/110/|https://pokeapi.co/api/v2/ability/158/
315,roselia,3,20,https://pokeapi.co/api/v2/ability/30/|https://pokeapi.co/api/v2/ability/38/|https://pokeapi.co/api/v2/ability/102/
316,gulpin,4,103,https://pokeapi.co/api/v2/ability/64/|https://pokeapi.co/api/v2/ability/60/|https://pokeapi.co/api/v2/ability/82/
317,swalot,17,800,https://pokeapi.co/api/v2/ability/64/|https://pokeapi.co/api/v2/ability/60/|https://pokeapi.co/api/v2/ability/82/
318,carvanha,8,208,https://pokeapi.co/api/v2/ability/24/|https://pokeapi.co/api/v2/ability/3/
319,sharpedo,18,888,https://pokeapi.co/api/v2/ability/24/|https://pokeapi.co/api/v2/ability/3/
320,wailmer,20,1300,https://pokeapi.co/api/v2/ability/41/|https://pokeapi.co/api/v2/ability/12/|https://pokeapi.co/api/v2/ability/46/
321,wailord,145,3980,https://pokeapi.co/api/v2/ability/41/|https://pokeapi.co/api/v2/ability/12/|https://pokeapi.co/api/v2/ability/46/
322,numel,7,240,https://pokeapi.co/api/v2/ability/12/|https://pokeapi.co/api/v2/ability/86/|https://pokeapi.co/api/v2/ability/20/
323,camerupt,19,2200,https://pokeapi.co/api/v2/ability/40/|https://pokeapi.co/api/v2/ability/116/|https://pokeapi.co/api/v2/ability/83/
324,torkoal,5,804,https://pokeapi.co/api/v2/ability/73/|https://pokeapi.co/api/v2/ability/70/|https://pokeapi.co/api/v2/ability/75/
325,spoink,7,306,https://pokeapi.co/api/v2/ability/47/|https://pokeapi.co/api/v2/ability/20/|https://pokeapi.co/api/v2/ability/82/
326,grumpig,9,715,https://pokeapi.co/api/v2/ability/47/|https://pokeapi.co/api/v2/ability/20/|https://pokeapi.co/api/v2/ability/82/
327,spinda,11,50,https://pokeapi.co/api/v2/ability/20/|https://pokeapi.co/api/v2/ability/77/|https://pokeapi.co/api/v2/ability/126/
328,trapinch,7,150,https://pokeapi.co/api/v2/ability/52/|https://pokeapi.co/api/v2/ability/71/|https://pokeapi.co/api/v2/ability/125/
329,vibrava,11,153,https://pokeapi.co/api/v2/ability/26/
330,flygon,20,820,https://pokeapi.co/api/v2/ability/26/
331,cacnea,4,513,https://pokeapi.co/api/v2/ability/8/|https://pokeapi.co/api/v2/ability/11/
332,cacturne,13,774,https://pokeapi.co/api/v2/ability/8/|https://pokeapi.co/api/v2/ability/11/
333,swablu,4,12,https://pokeapi.co/api/v2/ability/30/|https://pokeapi.co/api/v2/ability/13/
334,altaria,11,206,https://pokeapi.co/api/v2/ability/30/|https://pokeapi.co/api/v2/ability/13/
335,zangoose,13,403,https://pokeapi.co/api/v2/ability/17/|https://pokeapi.co/api/v2/ability/137/
336,seviper,27,525,https://pokeapi.co/api/v2/ability/61/|https://pokeapi.co/api/v2/ability/151/
337,lunatone,10,1680,https://pokeapi.co/api/v2/ability/26/
338,solrock,12,1540,https://pokeapi.co/api/v2/ability/26/
339,barboach,4,19,https://pokeapi.co/api/v2/ability/12/|https://pokeapi.co/api/v2/ability/107/|https://pokeapi.co/api/v2/ability/93/
340,whiscash,9,236,https://pokeapi.co/api/v2/ability/12/|https://pokeapi.co/api/v2/ability/107/|https://pokeapi.co/api/v2/ability/93/
341,corphish,6,115,https://pokeapi.co/api/v2/ability/52/|https://pokeapi.co/api/v2/ability/75/|https://pokeapi.co/api/v2/ability/91/
342,crawdaunt,11,328,https://pokeapi.co/api/v2/ability/52/|https://pokeapi.co/api/v2/ability/75/|https://pokeapi.co/api/v2/ability/91/
343,baltoy,5,215,https://pokeapi.co/api/v2/ability/26/
344,claydol,15,1080,https://pokeapi.co/api/v2/ability/26/
345,lileep,10,238,https://pokeapi.co/api/v2/ability/21/|https://pokeapi.co/api/v2/ability/114/
346,cradily,15,604,https://pokeapi.co/api/v2/ability/21/|https://pokeapi.co/api/v2/ability/114/
347,anorith,7,125,https://pokeapi.co/api/v2/ability/4/|https://pokeapi.co/api/v2/ability/33/
348,armaldo,15,682,https://pokeapi.co/api/v2/ability/4/|https://pokeapi.co/api/v2/ability/33/
349,feebas,6,74,https://pokeapi.co/api/v2/ability/33/|https://pokeapi.co/api/v2/ability/12/|https://pokeapi.co/api/v2/ability/91/
350,milotic,62,1620,https://pokeapi.co/api/v2/ability/63/|https://pokeapi.co/api/v2/ability/172/|https://pokeapi.co/api/v2/ability/56/
351,castform,3,8,https://pokeapi.co/api/v2/ability/59/
352,kecleon,10,220,https://pokeapi.co/api/v2/ability/16/|https://pokeapi.co/api/v2/ability/168/
353,shuppet,6,23,https://pokeapi.co/api/v2/ability/15/|https://pokeapi.co/api/v2/ability/119/|https://pokeapi.co/api/v2/ability/130/
354,banette,11,125,https://pokeapi.co/api/v2/ability/15/|https://pokeapi.co/api/v2/ability/119/|https://pokeapi.co/api/v2/ability/130/
355,duskull,8,150,https://pokeapi.co/api/v2/ability/26/|https://pokeapi.co/api/v2/ability/119/
356,dusclops,16,306,https://pokeapi.co/api/v2/ability/46/|https://pokeapi.co/api/v2/ability/119/
357,tropius,20,1000,https://pokeapi.co/api/v2/ability/34/|https://pokeapi.co/api/v2/ability/94/|https://pokeapi.co/api/v2/ability/139/
358,chimecho,6,10,https://pokeapi.co/api/v2/ability/26/
359,absol,12,470,https://pokeapi.co/api/v2/ability/46/|https://pokeapi.co/api/v2/ability/105/|https://pokeapi.co/api/v2/ability/154/
360,wynaut,6,140,https://pokeapi.co/api/v2/ability/23/|https://pokeapi.co/api/v2/ability/140/
361,snorunt,7,168,https://pokeapi.co/api/v2/ability/39/|https://pokeapi.co/api/v2/ability/115/|https://pokeapi.co/api/v2/ability/141/
362,glalie,15,2565,https://pokeapi.co/api/v2/ability/39/|https://pokeapi.co/api/v2/ability/115/|https://pokeapi.co/api/v2/ability/141/
363,spheal,8,395,https://pokeapi.co/api/v2/ability/47/|https://pokeapi.co/api/v2/ability/115/|https://pokeapi.co/api/v2/ability/12/
364,sealeo,11,876,https://pokeapi.co/api/v2/ability/47/|https://pokeapi.co/api/v2/ability/115/|https://pokeapi.co/api/v2/ability/12/
365,walrein,14,1506,https://pokeapi.co/api/v2/ability/47/|https://pokeapi.co/api/v2/ability/115/|https://pokeapi.co/api/v2/ability/12/
366,clamperl,4,525,https://pokeapi.co/api/v2/ability/75/|https://pokeapi.co/api/v2/ability/155/
367,huntail,17,270,https://pokeapi.co/api/v2/ability/33/|https://pokeapi.co/api/v2/ability/41/
368,gorebyss,18,226,https://pokeapi.co/api/v2/ability/33/|https://pokeapi.co/api/v2/ability/93/
369,relicanth,10,234,https://pokeapi.co/api/v2/ability/33/|https://pokeapi.co/api/v2/ability/69/|https://pokeapi.co/api/v2/ability/5/
370,luvdisc,6,87,https://pokeapi.co/api/v2/ability/33/|https://pokeapi.co/api/v2/ability/93/
371,bagon,6,421,https://pokeapi.co/api/v2/ability/69/|https://pokeapi.co/api/v2/ability/125/
372,shelgon,11,1105,https://pokeapi.co/api/v2/ability/69/|https://pokeapi.co/api/v2/ability/142/
373,salamence,15,1026,https://pokeapi.co/api/v2/ability/22/|https://pokeapi.co/api/v2/ability/153/
374,beldum,6,952,https://pokeapi.co/api/v2/ability/29/|https://pokeapi.co/api/v2/ability/135/
375,metang,12,2025,https://pokeapi.co/api/v2/ability/29/|https://pokeapi.co/api/v2/ability/135/
376,metagross,16,5500,https://pokeapi.co/api/v2/ability/29/|https://pokeapi.co/api/v2/ability/135/
377,regirock,17,2300,https://pokeapi.co/api/v2/ability/29/|https://pokeapi.co/api/v2/ability/5/
378,regice,18,1750,https://pokeapi.co/api/v2/ability/29/|https://pokeapi.co/api/v2/ability/115/
379,registeel,19,2050,https://pokeapi.co/api/v2/ability/29/|https://pokeapi.co/api/v2/ability/135/
380,latias,14,400,https://pokeapi.co/api/v2/ability/26/
381,latios,20,600,https://pokeapi.co/api/v2/ability/26/
382,kyogre,45,3520,https://pokeapi.co/api/v2/ability/2/
383,groudon,35,9500,https://pokeapi.co/api/v2/ability/70/
384,rayquaza,70,2065,https://pokeapi.co/api/v2/ability/76/
385,jirachi,3,11,https://pokeapi.co/api/v2/ability/32/
386,deoxys-normal,17,608,https://pokeapi.co/api/v2/ability/46/
387,turtwig,4,102,https://pokeapi.co/api/v2/ability/65/|https://pokeapi.co/api/v2/ability/75/
388,grotle,11,970,https://pokeapi.co/api/v2/ability/65/|https://pokeapi.co/api/v2/ability/75/
389,torterra,22,3100,https://pokeapi.co/api/v2/ability/65/|https://pokeapi.co/api/v2/ability/75/
390,chimchar,5,62,https://pokeapi.co/api/v2/ability/66/|https://pokeapi.co/api/v2/ability/89/
391,monferno,9,220,https://pokeapi.co/api/v2/ability/66/|https://pokeapi.co/api/v2/ability/89/
392,infernape,12,550,https://pokeapi.co/api/v2/ability/66/|https://pokeapi.co/api/v2/ability/89/
393,piplup,4,52,https://pokeapi.co/api/v2/ability/67/|https://pokeapi.co/api/v2/ability/128/
394,prinplup,8,230,https://pokeapi.co/api/v2/ability/67/|https://pokeapi.co/api/v2/ability/128/
395,empoleon,17,845,https://pokeapi.co/api/v2/ability/67/|https://pokeapi.co/api/v2/ability/128/
396,starly,3,20,https://pokeapi.co/api/v2/ability/51/|https://pokeapi.co/api/v2/ability/120/
397,staravia,6,155,https://pokeapi.co/api/v2/ability/22/|https://pokeapi.co/api/v2/ability/120/
398,staraptor,12,249,https://pokeapi.co/api/v2/ability/22/|https://pokeapi.co/api/v2/ability/120/
399,bidoof,5,200,https://pokeapi.co/api/v2/ability/86/|https://pokeapi.co/api/v2/ability/109/|https://pokeapi.co/api/v2/ability/141/
400,bibarel,10,315,https://pokeapi.co/api/v2/ability/86/|https://pokeapi.co/api/v2/ability/109/|https://pokeapi.co/api/v2/ability/141/
401,kricketot,3,22,https://pokeapi.co/api/v2/ability/61/|https://pokeapi.co/api/v2/ability/50/
402,kricketune,10,255,https://pokeapi.co/api/v2/ability/68/|https://pokeapi.co/api/v2/ability/101/
403,shinx,5,95,https://pokeapi.co/api/v2/ability/79/|https://pokeapi.co/api/v2/ability/22/|https://pokeapi.co/api/v2/ability/62/
404,luxio,9,305,https://pokeapi.co/api/v2/ability/79/|https://pokeapi.co/api/v2/ability/22/|https://pokeapi.co/api/v2/ability/62/
405,luxray,14,420,https://pokeapi.co/api/v2/ability/79/|https://pokeapi.co/api/v2/ability/22/|https://pokeapi.co/api/v2/ability/62/
406,budew,2,12,https://pokeapi.co/api/v2/ability/30/|https://pokeapi.co/api/v2/ability/38/|https://pokeapi.co/api/v2/ability/102/
407,roserade,9,145,https://pokeapi.co/api/v2/ability/30/|https://pokeapi.co/api/v2/ability/38/|https://pokeapi.co/api/v2/ability/101/
408,cranidos,9,315,https://pokeapi.co/api/v2/ability/104/|https://pokeapi.co/api/v2/ability/125/
409,rampardos,16,1025,https://pokeapi.co/api/v2/ability/104/|https://pokeapi.co/api/v2/ability/125/
410,shieldon,5,570,https://pokeapi.co/api/v2/ability/5/|https://pokeapi.co/api/v2/ability/43/
411,bastiodon,13,1495,https://pokeapi.co/api/v2/ability/5/|https://pokeapi.co/api/v2/ability/43/
412,burmy,2,34,https://pokeapi.co/api/v2/ability/61/|https://pokeapi.co/api/v2/ability/142/
413,wormadam-plant,5,65,https://pokeapi.co/api/v2/ability/107/|https://pokeapi.co/api/v2/ability/142/
414,mothim,9,233,https://pokeapi.co/api/v2/ability/68/|https://pokeapi.co/api/v2/ability/110/
415,combee,3,55,https://pokeapi.co/api/v2/ability/118/|https://pokeapi.co/api/v2/ability/55/
416,vespiquen,12,385,https://pokeapi.co/api/v2/ability/46/|https://pokeapi.co/api/v2/ability/127/
417,pachirisu,4,39,https://pokeapi.co/api/v2/ability/50/|https://pokeapi.co/api/v2/ability/53/|https://pokeapi.co/api/v2/ability/10/
418,buizel,7,295,https://pokeapi.co/api/v2/ability/33/|https://pokeapi.co/api/v2/ability/41/
419,floatzel,11,335,https://pokeapi.co/api/v2/ability/33/|https://pokeapi.co/api/v2/ability/41/
420,cherubi,4,33,https://pokeapi.co/api/v2/ability/34/
421,cherrim,5,93,https://pokeapi.co/api/v2/ability/122/
422,shellos,3,63,https://pokeapi.co/api/v2/ability/60/|https://pokeapi.co/api/v2/ability/114/|https://pokeapi.co/api/v2/ability/159/
423,gastrodon,9,299,https://pokeapi.co/api/v2/ability/60/|https://pokeapi.co/api/v2/ability/114/|https://pokeapi.co/api/v2/ability/159/
424,ambipom,12,203,https://pokeapi.co/api/v2/ability/101/|https://pokeapi.co/api/v2/ability/53/|https://pokeapi.co/api/v2/ability/92/
425,drifloon,4,12,https://pokeapi.co/api/v2/ability/106/|https://pokeapi.co/api/v2/ability/84/|https://pokeapi.co/api/v2/ability/138/
426,drifblim,12,150,https://pokeapi.co/api/v2/ability/106/|https://pokeapi.co/api/v2/ability/84/|https://pokeapi.co/api/v2/ability/138/
427,buneary,4,55,https://pokeapi.co/api/v2/ability/50/|https://pokeapi.co/api/v2/ability/103/|https://pokeapi.co/api/v2/ability/7/
428,lopunny,12,333,https://pokeapi.co/api/v2/ability/56/|https://pokeapi.co/api/v2/ability/103/|https://pokeapi.co/api/v2/ability/7/
429,mismagius,9,44,https://pokeapi.co/api/v2/ability/26/
430,honchkrow,9,273,https://pokeapi.co/api/v2/ability/15/|https://pokeapi.co/api/v2/ability/105/|https://pokeapi.co/api/v2/ability/153/
431,glameow,5,39,https://pokeapi.co/api/v2/ability/7/|https://pokeapi.co/api/v2/ability/20/|https://pokeapi.co/api/v2/ability/51/
432,purugly,10,438,https://pokeapi.co/api/v2/ability/47/|https://pokeapi.co/api/v2/ability/20/|https://pokeapi.co/api/v2/ability/128/
433,chingling,2,6,https://pokeapi.co/api/v2/ability/26/
434,stunky,4,192,https://pokeapi.co/api/v2/ability/1/|https://pokeapi.co/api/v2/ability/106/|https://pokeapi.co/api/v2/ability/51/
435,skuntank,10,380,https://pokeapi.co/api/v2/ability/1/|https://pokeapi.co/api/v2/ability/106/|https://pokeapi.co/api/v2/ability/51/
436,bronzor,5,605,https://pokeapi.co/api/v2/ability/26/|https://pokeapi.co/api/v2/ability/85/|https://pokeapi.co/api/v2/ability/134/
437,bronzong,13,1870,https://pokeapi.co/api/v2/ability/26/|https://pokeapi.co/api/v2/ability/85/|https://pokeapi.co/api/v2/ability/134/
438,bonsly,5,150,https://pokeapi.co/api/v2/ability/5/|https://pokeapi.co/api/v2/ability/69/|https://pokeapi.co/api/v2/ability/155/
439,mime-jr,6,130,https://pokeapi.co/api/v2/ability/43/|https://pokeapi.co/api/v2/ability/111/|https://pokeapi.co/api/v2/ability/101/
440,happiny,6,244,https://pokeapi.co/api/v2/ability/30/|https://pokeapi.co/api/v2/ability/32/|https://pokeapi.co/api/v2/ability/132/
441,chatot,5,19,https://pokeapi.co/api/v2/ability/51/|https://pokeapi.co/api/v2/ability/77/|https://pokeapi.co/api/v2/ability/145/
442,spiritomb,10,1080,https://pokeapi.co/api/v2/ability/46/|https://pokeapi.co/api/v2/ability/151/
443,gible,7,205,https://pokeapi.co/api/v2/ability/8/|https://pokeapi.co/api/v2/ability/24/
444,gabite,14,560,https://pokeapi.co/api/v2/ability/8/|https://pokeapi.co/api/v2/ability/24/
445,garchomp,19,950,https://pokeapi.co/api/v2/ability/8/|https://pokeapi.co/api/v2/ability/24/
446,munchlax,6,1050,https://pokeapi.co/api/v2/ability/53/|https://pokeapi.co/api/v2/ability/47/|https://pokeapi.co/api/v2/ability/82/
447,riolu,7,202,https://pokeapi.co/api/v2/ability/80/|https://pokeapi.co/api/v2/ability/39/|https://pokeapi.co/api/v2/ability/158/
448,lucario,12,540,https://pokeapi.co/api/v2/ability/80/|https://pokeapi.co/api/v2/ability/39/|https://pokeapi.co/api/v2/ability/154/
449,hippopotas,8,495,https://pokeapi.co/api/v2/ability/45/|https://pokeapi.co/api/v2/ability/159/
450,hippowdon,20,3000,https://pokeapi.co/api/v2/ability/45/|https://pokeapi.co/api/v2/ability/159/
451,skorupi,8,120,https://pokeapi.co/api/v2/ability/4/|https://pokeapi.co/api/v2/ability/97/|https://pokeapi.co/api/v2/ability/51/
452,drapion,13,615,https://pokeapi.co/api/v2/ability/4/|https://pokeapi.co/api/v2/ability/97/|https://pokeapi.co/api/v2/ability/51/
453,croagunk,7,230,https://pokeapi.co/api/v2/ability/107/|https://pokeapi.co/api/v2/ability/87/|https://pokeapi.co/api/v2/ability/143/
454,toxicroak,13,444,https://pokeapi.co/api/v2/ability/107/|https://pokeapi.co/api/v2/ability/87/|https://pokeapi.co/api/v2/ability/143/
455,carnivine,14,270,https://pokeapi.co/api/v2/ability/26/
456,finneon,4,70,https://pokeapi.co/api/v2/ability/33/|https://pokeapi.co/api/v2/ability/114/|https://pokeapi.co/api/v2/ability/41/
457,lumineon,12,240,https://pokeapi.co/api/v2/ability/33/|https://pokeapi.co/api/v2/ability/114/|https://pokeapi.co/api/v2/ability/41/
458,mantyke,10,650,https://pokeapi.co/api/v2/ability/33/|https://pokeapi.co/api/v2/ability/11/|https://pokeapi.co/api/v2/ability/41/
459,snover,10,505,https://pokeapi.co/api/v2/ability/117/|https://pokeapi.co/api/v2/ability/43/
460,abomasnow,22,1355,https://pokeapi.co/api/v2/ability/117/|https://pokeapi.co/api/v2/ability/43/
461,weavile,11,340,https://pokeapi.co/api/v2/ability/46/|https://pokeapi.co/api/v2/ability/124/
462,magnezone,12,1800,https://pokeapi.co/api/v2/ability/42/|https://pokeapi.co/api/v2/ability/5/|https://pokeapi.co/api/v2/ability/148/
463,lickilicky,17,1400,https://pokeapi.co/api/v2/ability/20/|https://pokeapi.co/api/v2/ability/12/|https://pokeapi.co/api/v2/ability/13/
464,rhyperior,24,2828,https://pokeapi.co/api/v2/ability/31/|https://pokeapi.co/api/v2/ability/116/|https://pokeapi.co/api/v2/ability/120/
465,tangrowth,20,1286,https://pokeapi.co/api/v2/ability/34/|https://pokeapi.co/api/v2/ability/102/|https://pokeapi.co/api/v2/ability/144/
466,electivire,18,1386,https://pokeapi.co/api/v2/ability/78/|https://pokeapi.co/api/v2/ability/72/
467,magmortar,16,680,https://pokeapi.co/api/v2/ability/49/|https://pokeapi.co/api/v2/ability/72/
468,togekiss,15,380,https://pokeapi.co/api/v2/ability/55/|https://pokeapi.co/api/v2/ability/32/|https://pokeapi.co/api/v2/ability/105/
469,yanmega,19,515,https://pokeapi.co/api/v2/ability/3/|https://pokeapi.co/api/v2/ability/110/|https://pokeapi.co/api/v2/ability/119/
470,leafeon,10,255,https://pokeapi.co/api/v2/ability/102/|https://pokeapi.co/api/v2/ability/34/
471,glaceon,8,259,https://pokeapi.co/api/v2/ability/81/|https://pokeapi.co/api/v2/ability/115/
472,gliscor,20,425,https://pokeapi.co/api/v2/ability/52/|https://pokeapi.co/api/v2/ability/8/|https://pokeapi.co/api/v2/ability/90/
473,mamoswine,25,2910,https://pokeapi.co/api/v2/ability/12/|https://pokeapi.co/api/v2/ability/81/|https://pokeapi.co/api/v2/ability/47/
474,porygon-z,9,340,https://pokeapi.co/api/v2/ability/91/|https://pokeapi.co/api/v2/ability/88/|https://pokeapi.co/api/v2/ability/148/
475,gallade,16,520,https://pokeapi.co/api/v2/ability/80/|https://pokeapi.co/api/v2/ability/154/
476,probopass,14,3400,https://pokeapi.co/api/v2/ability/5/|https://pokeapi.co/api/v2/ability/42/|https://pokeapi.co/api/v2/ability/159/
477,dusknoir,22,1066,https://pokeapi.co/api/v2/ability/46/|https://pokeapi.co/api/v2/ability/119/
478,froslass,13,266,https://pokeapi.co/api/v2/ability/81/|https://pokeapi.co/api/v2/ability/130/
479,rotom,3,3,https://pokeapi.co/api/v2/ability/26/
480,uxie,3,3,https://pokeapi.co/api/v2/ability/26/
481,mesprit,3,3,https://pokeapi.co/api/v2/ability/26/
482,azelf,3,3,https://pokeapi.co/api/v2/ability/26/
483,dialga,54,6830,https://pokeapi.co/api/v2/ability/46/|https://pokeapi.co/api/v2/ability/140/
484,palkia,42,3360,https://pokeapi.co/api/v2/ability/46/|https://pokeapi.co/api/v2/ability/140/
485,heatran,17,4300,https://pokeapi.co/api/v2/ability/18/|https://pokeapi.co/api/v2/ability/49/
486,regigigas,37,4200,https://pokeapi.co/api/v2/ability/112/
487,giratina-altered,45,7500,https://pokeapi.co/api/v2/ability/46/|https://pokeapi.co/api/v2/ability/140/
488,cresselia,15,856,https://pokeapi.co/api/v2/ability/26/
489,phione,4,31,https://pokeapi.co/api/v2/ability/93/
490,manaphy,3,14,https://pokeapi.co/api/v2/ability/93/
491,darkrai,15,505,https://pokeapi.co/api/v2/ability/123/
492,shaymin-land,2,21,https://pokeapi.co/api/v2/ability/30/
493,arceus,32,3200,https://pokeapi.co/api/v2/ability/121/
494,victini,4,40,https://pokeapi.co/api/v2/ability/162/
495,snivy,6,81,https://pokeapi.co/api/v2/ability/65/|https://pokeapi.co/api/v2/ability/126/
496,servine,8,160,https://pokeapi.co/api/v2/ability/65/|https://pokeapi.co/api/v2/ability/126/
497,serperior,33,630,https://pokeapi.co/api/v2/ability/65/|https://pokeapi.co/api/v2/ability/126/
498,tepig,5,99,https://pokeapi.co/api/v2/ability/66/|https://pokeapi.co/api/v2/ability/47/
499,pignite,10,555,https://pokeapi.co/api/v2/ability/66/|https://pokeapi.co/api/v2/ability/47/
500,emboar,16,1500,https://pokeapi.co/api/v2/ability/66/|https://pokeapi.co/api/v2/ability/120/
501,oshawott,5,59,https://pokeapi.co/api/v2/ability/67/|https://pokeapi.co/api/v2/ability/75/
502,dewott,8,245,https://pokeapi.co/api/v2/ability/67/|https://pokeapi.co/api/v2/ability/75/
503,samurott,15,946,https://pokeapi.co/api/v2/ability/67/|https://pokeapi.co/api/v2/ability/75/
504,patrat,5,116,https://pokeapi.co/api/v2/ability/50/|https://pokeapi.co/api/v2/ability/51/|https://pokeapi.co/api/v2/ability/148/
505,watchog,11,270,https://pokeapi.co/api/v2/ability/35/|https://pokeapi.co/api/v2/ability/51/|https://pokeapi.co/api/v2/ability/148/
506,lillipup,4,41,https://pokeapi.co/api/v2/ability/72/|https://pokeapi.co/api/v2/ability/53/|https://pokeapi.co/api/v2/ability/50/
507,herdier,9,147,https://pokeapi.co/api/v2/ability/22/|https://pokeapi.co/api/v2/ability/146/|https://pokeapi.co/api/v2/ability/113/
508,stoutland,12,610,https://pokeapi.co/api/v2/ability/22/|https://pokeapi.co/api/v2/ability/146/|https://pokeapi.co/api/v2/ability/113/
509,purrloin,4,101,https://pokeapi.co/api/v2/ability/7/|https://pokeapi.co/api/v2/ability/84/|https://pokeapi.co/api/v2/ability/158/
510,liepard,11,375,https://pokeapi.co/api/v2/ability/7/|https://pokeapi.co/api/v2/ability/84/|https://pokeapi.co/api/v2/ability/158/
511,pansage,6,105,https://pokeapi.co/api/v2/ability/82/|https://pokeapi.co/api/v2/ability/65/
512,simisage,11,305,https://pokeapi.co/api/v2/ability/82/|https://pokeapi.co/api/v2/ability/65/
513,pansear,6,110,https://pokeapi.co/api/v2/ability/82/|https://pokeapi.co/api/v2/ability/66/
514,simisear,10,280,https://pokeapi.co/api/v2/ability/82/|https://pokeapi.co/api/v2/ability/66/
515,panpour,6,135,https://pokeapi.co/api/v2/ability/82/|https://pokeapi.co/api/v2/ability/67/
516,simipour,10,290,https://pokeapi.co/api/v2/ability/82/|https://pokeapi.co/api/v2/ability/67/
517,munna,6,233,https://pokeapi.co/api/v2/ability/108/|https://pokeapi.co/api/v2/ability/28/|https://pokeapi.co/api/v2/ability/140/
518,musharna,11,605,https://pokeapi.co/api/v2/ability/108/|https://pokeapi.co/api/v2/ability/28/|https://pokeapi.co/api/v2/ability/140/
519,pidove,3,21,https://pokeapi.co/api/v2/ability/145/|https://pokeapi.co/api/v2/ability/105/|https://pokeapi.co/api/v2/ability/79/
520,tranquill,6,150,https://pokeapi.co/api/v2/ability/145/|https://pokeapi.co/api/v2/ability/105/|https://pokeapi.co/api/v2/ability/79/
521,unfezant,12,290,https://pokeapi.co/api/v2/ability/145/|https://pokeapi.co/api/v2/ability/105/|https://pokeapi.co/api/v2/ability/79/
522,blitzle,8,298,https://pokeapi.co/api/v2/ability/31/|https://pokeapi.co/api/v2/ability/78/|https://pokeapi.co/api/v2/ability/157/
523,zebstrika,16,795,https://pokeapi.co/api/v2/ability/31/|https://pokeapi.co/api/v2/ability/78/|https://pokeapi.co/api/v2/ability/157/
524,roggenrola,4,180,https://pokeapi.co/api/v2/ability/5/|https://pokeapi.co/api/v2/ability/133/|https://pokeapi.co/api/v2/ability/159/
525,boldore,9,1020,https://pokeapi.co/api/v2/ability/5/|https://pokeapi.co/api/v2/ability/133/|https://pokeapi.co/api/v2/ability/159/
526,gigalith,17,2600,https://pokeapi.co/api/v2/ability/5/|https://pokeapi.co/api/v2/ability/45/|https://pokeapi.co/api/v2/ability/159/
527,woobat,4,21,https://pokeapi.co/api/v2/ability/109/|https://pokeapi.co/api/v2/ability/103/|https://pokeapi.co/api/v2/ability/86/
528,swoobat,9,105,https://pokeapi.co/api/v2/ability/109/|https://pokeapi.co/api/v2/ability/103/|https://pokeapi.co/api/v2/ability/86/
529,drilbur,3,85,https://pokeapi.co/api/v2/ability/146/|https://pokeapi.co/api/v2/ability/159/|https://pokeapi.co/api/v2/ability/104/
530,excadrill,7,404,https://pokeapi.co/api/v2/ability/146/|https://pokeapi.co/api/v2/ability/159/|https://pokeapi.co/api/v2/ability/104/
531,audino,11,310,https://pokeapi.co/api/v2/ability/131/|https://pokeapi.co/api/v2/ability/144/|https://pokeapi.co/api/v2/ability/103/
532,timburr,6,125,https://pokeapi.co/api/v2/ability/62/|https://pokeapi.co/api/v2/ability/125/|https://pokeapi.co/api/v2/ability/89/
533,gurdurr,12,400,https://pokeapi.co/api/v2/ability/62/|https://pokeapi.co/api/v2/ability/125/|https://pokeapi.co/api/v2/ability/89/
534,conkeldurr,14,870,https://pokeapi.co/api/v2/ability/62/|https://pokeapi.co/api/v2/ability/125/|https://pokeapi.co/api/v2/ability/89/
535,tympole,5,45,https://pokeapi.co/api/v2/ability/33/|https://pokeapi.co/api/v2/ability/93/|https://pokeapi.co/api/v2/ability/11/
536,palpitoad,8,170,https://pokeapi.co/api/v2/ability/33/|https://pokeapi.co/api/v2/ability/93/|https://pokeapi.co/api/v2/ability/11/
537,seismitoad,15,620,https://pokeapi.co/api/v2/ability/33/|https://pokeapi.co/api/v2/ability/143/|https://pokeapi.co/api/v2/ability/11/
538,throh,13,555,https://pokeapi.co/api/v2/ability/62/|https://pokeapi.co/api/v2/ability/39/|https://pokeapi.co/api/v2/ability/104/
539,sawk,14,510,https://pokeapi.co/api/v2/ability/5/|https://pokeapi.co/api/v2/ability/39/|https://pokeapi.co/api/v2/ability/104/
540,sewaddle,3,25,https://pokeapi.co/api/v2/ability/68/|https://pokeapi.co/api/v2/ability/34/|https://pokeapi.co/api/v2/ability/142/
541,swadloon,5,73,https://pokeapi.co/api/v2/ability/102/|https://pokeapi.co/api/v2/ability/34/|https://pokeapi.co/api/v2/ability/142/
542,leavanny,12,205,https://pokeapi.co/api/v2/ability/68/|https://pokeapi.co/api/v2/ability/34/|https://pokeapi.co/api/v2/ability/142/
543,venipede,4,53,https://pokeapi.co/api/v2/ability/38/|https://pokeapi.co/api/v2/ability/68/|https://pokeapi.co/api/v2/ability/3/
544,whirlipede,12,585,https://pokeapi.co/api/v2/ability/38/|https://pokeapi.co/api/v2/ability/68/|https://pokeapi.co/api/v2/ability/3/
545,scolipede,25,2005,https://pokeapi.co/api/v2/ability/38/|https://pokeapi.co/api/v2/ability/68/|https://pokeapi.co/api/v2/ability/3/
546,cottonee,3,6,https://pokeapi.co/api/v2/ability/158/|https://pokeapi.co/api/v2/ability/151/|https://pokeapi.co/api/v2/ability/34/
547,whimsicott,7,66,https://pokeapi.co/api/v2/ability/158/|https://pokeapi.co/api/v2/ability/151/|https://pokeapi.co/api/v2/ability/34/
548,petilil,5,66,https://pokeapi.co/api/v2/ability/34/|https://pokeapi.co/api/v2/ability/20/|https://pokeapi.co/api/v2/ability/102/
549,lilligant,11,163,https://pokeapi.co/api/v2/ability/34/|https://pokeapi.co/api/v2/ability/20/|https://pokeapi.co/api/v2/ability/102/
550,basculin-red-striped,10,180,https://pokeapi.co/api/v2/ability/120/|https://pokeapi.co/api/v2/ability/91/|https://pokeapi.co/api/v2/ability/104/
551,sandile,7,152,https://pokeapi.co/api/v2/ability/22/|https://pokeapi.co/api/v2/ability/153/|https://pokeapi.co/api/v2/ability/83/
552,krokorok,10,334,https://pokeapi.co/api/v2/ability/22/|https://pokeapi.co/api/v2/ability/153/|https://pokeapi.co/api/v2/ability/83/
553,krookodile,15,963,https://pokeapi.co/api/v2/ability/22/|https://pokeapi.co/api/v2/ability/153/|https://pokeapi.co/api/v2/ability/83/
554,darumaka,6,375,https://pokeapi.co/api/v2/ability/55/|https://pokeapi.co/api/v2/ability/39/
555,darmanitan-standard,13,929,https://pokeapi.co/api/v2/ability/125/|https://pokeapi.co/api/v2/ability/161/
556,maractus,10,280,https://pokeapi.co/api/v2/ability/11/|https://pokeapi.co/api/v2/ability/34/|https://pokeapi.co/api/v2/ability/114/
557,dwebble,3,145,https://pokeapi.co/api/v2/ability/5/|https://pokeapi.co/api/v2/ability/75/|https://pokeapi.co/api/v2/ability/133/
558,crustle,14,2000,https://pokeapi.co/api/v2/ability/5/|https://pokeapi.co/api/v2/ability/75/|https://pokeapi.co/api/v2/ability/133/
559,scraggy,6,118,https://pokeapi.co/api/v2/ability/61/|https://pokeapi.co/api/v2/ability/153/|https://pokeapi.co/api/v2/ability/22/
560,scrafty,11,300,https://pokeapi.co/api/v2/ability/61/|https://pokeapi.co/api/v2/ability/153/|https://pokeapi.co/api/v2/ability/22/
561,sigilyph,14,140,https://pokeapi.co/api/v2/ability/147/|https://pokeapi.co/api/v2/ability/98/|https://pokeapi.co/api/v2/ability/110/
562,yamask,5,15,https://pokeapi.co/api/v2/ability/152/
563,cofagrigus,17,765,https://pokeapi.co/api/v2/ability/152/
564,tirtouga,7,165,https://pokeapi.co/api/v2/ability/116/|https://pokeapi.co/api/v2/ability/5/|https://pokeapi.co/api/v2/ability/33/
565,carracosta,12,810,https://pokeapi.co/api/v2/ability/116/|https://pokeapi.co/api/v2/ability/5/|https://pokeapi.co/api/v2/ability/33/
566,archen,5,95,https://pokeapi.co/api/v2/ability/129/
567,archeops,14,320,https://pokeapi.co/api/v2/ability/129/
568,trubbish,6,310,https://pokeapi.co/api/v2/ability/1/|https://pokeapi.co/api/v2/ability/60/|https://pokeapi.co/api/v2/ability/106/
569,garbodor,19,1073,https://pokeapi.co/api/v2/ability/1/|https://pokeapi.co/api/v2/ability/133/|https://pokeapi.co/api/v2/ability/106/
570,zorua,7,125,https://pokeapi.co/api/v2/ability/149/
571,zoroark,16,811,https://pokeapi.co/api/v2/ability/149/
572,minccino,4,58,https://pokeapi.co/api/v2/ability/56/|https://pokeapi.co/api/v2/ability/101/|https://pokeapi.co/api/v2/ability/92/
573,cinccino,5,75,https://pokeapi.co/api/v2/ability/56/|https://pokeapi.co/api/v2/ability/101/|https://pokeapi.co/api/v2/ability/92/
574,gothita,4,58,https://pokeapi.co/api/v2/ability/119/|https://pokeapi.co/api/v2/ability/172/|https://pokeapi.co/api/v2/ability/23/
575,gothorita,7,180,https://pokeapi.co/api/v2/ability/119/|https://pokeapi.co/api/v2/ability/172/|https://pokeapi.co/api/v2/ability/23/
576,gothitelle,15,440,https://pokeapi.co/api/v2/ability/119/|https://pokeapi.co/api/v2/ability/172/|https://pokeapi.co/api/v2/ability/23/
577,solosis,3,10,https://pokeapi.co/api/v2/ability/142/|https://pokeapi.co/api/v2/ability/98/|https://pokeapi.co/api/v2/ability/144/
578,duosion,6,80,https://pokeapi.co/api/v2/ability/142/|https://pokeapi.co/api/v2/ability/98/|https://pokeapi.co/api/v2/ability/144/
579,reuniclus,10,201,https://pokeapi.co/api/v2/ability/142/|https://pokeapi.co/api/v2/ability/98/|https://pokeapi.co/api/v2/ability/144/
580,ducklett,5,55,https://pokeapi.co/api/v2/ability/51/|https://pokeapi.co/api/v2/ability/145/|https://pokeapi.co/api/v2/ability/93/
581,swanna,13,242,https://pokeapi.co/api/v2/ability/51/|https://pokeapi.co/api/v2/ability/145/|https://pokeapi.co/api/v2/ability/93/
582,vanillite,4,57,https://pokeapi.co/api/v2/ability/115/|https://pokeapi.co/api/v2/ability/81/|https://pokeapi.co/api/v2/ability/133/
583,vanillish,11,410,https://pokeapi.co/api/v2/ability/115/|https://pokeapi.co/api/v2/ability/81/|https://pokeapi.co/api/v2/ability/133/
584,vanilluxe,13,575,https://pokeapi.co/api/v2/ability/115/|https://pokeapi.co/api/v2/ability/117/|https://pokeapi.co/api/v2/ability/133/
585,deerling,6,195,https://pokeapi.co/api/v2/ability/34/|https://pokeapi.co/api/v2/ability/157/|https://pokeapi.co/api/v2/ability/32/
586,sawsbuck,19,925,https://pokeapi.co/api/v2/ability/34/|https://pokeapi.co/api/v2/ability/157/|https://pokeapi.co/api/v2/ability/32/
587,emolga,4,50,https://pokeapi.co/api/v2/ability/9/|https://pokeapi.co/api/v2/ability/78/
588,karrablast,5,59,https://pokeapi.co/api/v2/ability/68/|https://pokeapi.co/api/v2/ability/61/|https://pokeapi.co/api/v2/ability/99/
589,escavalier,10,330,https://pokeapi.co/api/v2/ability/68/|https://pokeapi.co/api/v2/ability/75/|https://pokeapi.co/api/v2/ability/142/
590,foongus,2,10,https://pokeapi.co/api/v2/ability/27/|https://pokeapi.co/api/v2/ability/144/
591,amoonguss,6,105,https://pokeapi.co/api/v2/ability/27/|https://pokeapi.co/api/v2/ability/144/
592,frillish,12,330,https://pokeapi.co/api/v2/ability/11/|https://pokeapi.co/api/v2/ability/130/|https://pokeapi.co/api/v2/ability/6/
593,jellicent,22,1350,https://pokeapi.co/api/v2/ability/11/|https://pokeapi.co/api/v2/ability/130/|https://pokeapi.co/api/v2/ability/6/
594,alomomola,12,316,https://pokeapi.co/api/v2/ability/131/|https://pokeapi.co/api/v2/ability/93/|https://pokeapi.co/api/v2/ability/144/
595,joltik,1,6,https://pokeapi.co/api/v2/ability/14/|https://pokeapi.co/api/v2/ability/127/|https://pokeapi.co/api/v2/ability/68/
596,galvantula,8,143,https://pokeapi.co/api/v2/ability/14/|https://pokeapi.co/api/v2/ability/127/|https://pokeapi.co/api/v2/ability/68/
597,ferroseed,6,188,https://pokeapi.co/api/v2/ability/160/
598,ferrothorn,10,1100,https://pokeapi.co/api/v2/ability/160/|https://pokeapi.co/api/v2/ability/107/
599,klink,3,210,https://pokeapi.co/api/v2/ability/57/|https://pokeapi.co/api/v2/ability/58/|https://pokeapi.co/api/v2/ability/29/
600,klang,6,510,https://pokeapi.co/api/v2/ability/57/|https://pokeapi.co/api/v2/ability/58/|https://pokeapi.co/api/v2/ability/29/
601,klinklang,6,810,https://pokeapi.co/api/v2/ability/57/|https://pokeapi.co/api/v2/ability/58/|https://pokeapi.co/api/v2/ability/29/
602,tynamo,2,3,https://pokeapi.co/api/v2/ability/26/
603,eelektrik,12,220,https://pokeapi.co/api/v2/ability/26/
604,eelektross,21,805,https://pokeapi.co/api/v2/ability/26/
605,elgyem,5,90,https://pokeapi.co/api/v2/ability/140/|https://pokeapi.co/api/v2/ability/28/|https://pokeapi.co/api/v2/ability/148/
606,beheeyem,10,345,https://pokeapi.co/api/v2/ability/140/|https://pokeapi.co/api/v2/ability/28/|https://pokeapi.co/api/v2/ability/148/
607,litwick,3,31,https://pokeapi.co/api/v2/ability/18/|https://pokeapi.co/api/v2/ability/49/|https://pokeapi.co/api/v2/ability/151/
608,lampent,6,130,https://pokeapi.co/api/v2/ability/18/|https://pokeapi.co/api/v2/ability/49/|https://pokeapi.co/api/v2/ability/151/
609,chandelure,10,343,https://pokeapi.co/api/v2/ability/18/|https://pokeapi.co/api/v2/ability/49/|https://pokeapi.co/api/v2/ability/151/
610,axew,6,180,https://pokeapi.co/api/v2/ability/79/|https://pokeapi.co/api/v2/ability/104/|https://pokeapi.co/api/v2/ability/127/
611,fraxure,10,360,https://pokeapi.co/api/v2/ability/79/|https://pokeapi.co/api/v2/ability/104/|https://pokeapi.co/api/v2/ability/127/
612,haxorus,18,1055,https://pokeapi.co/api/v2/ability/79/|https://pokeapi.co/api/v2/ability/104/|https://pokeapi.co/api/v2/ability/127/
613,cubchoo,5,85,https://pokeapi.co/api/v2/ability/81/|https://pokeapi.co/api/v2/ability/202/|https://pokeapi.co/api/v2/ability/155/
614,beartic,26,2600,https://pokeapi.co/api/v2/ability/81/|https://pokeapi.co/api/v2/ability/202/|https://pokeapi.co/api/v2/ability/33/
615,cryogonal,11,1480,https://pokeapi.co/api/v2/ability/26/
616,shelmet,4,77,https://pokeapi.co/api/v2/ability/93/|https://pokeapi.co/api/v2/ability/75/|https://pokeapi.co/api/v2/ability/142/
617,accelgor,8,253,https://pokeapi.co/api/v2/ability/93/|https://pokeapi.co/api/v2/ability/60/|https://pokeapi.co/api/v2/ability/84/
618,stunfisk,7,110,https://pokeapi.co/api/v2/ability/9/|https://pokeapi.co/api/v2/ability/7/|https://pokeapi.co/api/v2/ability/8/
619,mienfoo,9,200,https://pokeapi.co/api/v2/ability/39/|https://pokeapi.co/api/v2/ability/144/|https://pokeapi.co/api/v2/ability/120/
620,mienshao,14,355,https://pokeapi.co/api/v2/ability/39/|https://pokeapi.co/api/v2/ability/144/|https://pokeapi.co/api/v2/ability/120/
621,druddigon,16,1390,https://pokeapi.co/api/v2/ability/24/|https://pokeapi.co/api/v2/ability/125/|https://pokeapi.co/api/v2/ability/104/
622,golett,10,920,https://pokeapi.co/api/v2/ability/89/|https://pokeapi.co/api/v2/ability/103/|https://pokeapi.co/api/v2/ability/99/
623,golurk,28,3300,https://pokeapi.co/api/v2/ability/89/|https://pokeapi.co/api/v2/ability/103/|https://pokeapi.co/api/v2/ability/99/
624,pawniard,5,102,https://pokeapi.co/api/v2/ability/128/|https://pokeapi.co/api/v2/ability/39/|https://pokeapi.co/api/v2/ability/46/
625,bisharp,16,700,https://pokeapi.co/api/v2/ability/128/|https://pokeapi.co/api/v2/ability/39/|https://pokeapi.co/api/v2/ability/46/
626,bouffalant,16,946,https://pokeapi.co/api/v2/ability/120/|https://pokeapi.co/api/v2/ability/157/|https://pokeapi.co/api/v2/ability/43/
627,rufflet,5,105,https://pokeapi.co/api/v2/ability/51/|https://pokeapi.co/api/v2/ability/125/|https://pokeapi.co/api/v2/ability/55/
628,braviary,15,410,https://pokeapi.co/api/v2/ability/51/|https://pokeapi.co/api/v2/ability/125/|https://pokeapi.co/api/v2/ability/128/
629,vullaby,5,90,https://pokeapi.co/api/v2/ability/145/|https://pokeapi.co/api/v2/ability/142/|https://pokeapi.co/api/v2/ability/133/
630,mandibuzz,12,395,https://pokeapi.co/api/v2/ability/145/|https://pokeapi.co/api/v2/ability/142/|https://pokeapi.co/api/v2/ability/133/
631,heatmor,14,580,https://pokeapi.co/api/v2/ability/82/|https://pokeapi.co/api/v2/ability/18/|https://pokeapi.co/api/v2/ability/73/
632,durant,3,330,https://pokeapi.co/api/v2/ability/68/|https://pokeapi.co/api/v2/ability/55/|https://pokeapi.co/api/v2/ability/54/
633,deino,8,173,https://pokeapi.co/api/v2/ability/55/
634,zweilous,14,500,https://pokeapi.co/api/v2/ability/55/
635,hydreigon,18,1600,https://pokeapi.co/api/v2/ability/26/
636,larvesta,11,288,https://pokeapi.co/api/v2/ability/49/|https://pokeapi.co/api/v2/ability/68/
637,volcarona,16,460,https://pokeapi.co/api/v2/ability/49/|https://pokeapi.co/api/v2/ability/68/
638,cobalion,21,2500,https://pokeapi.co/api/v2/ability/154/
639,terrakion,19,2600,https://pokeapi.co/api/v2/ability/154/
640,virizion,20,2000,https://pokeapi.co/api/v2/ability/154/
641,tornadus-incarnate,15,630,https://pokeapi.co/api/v2/ability/158/|https://pokeapi.co/api/v2/ability/128/
642,thundurus-incarnate,15,610,https://pokeapi.co/api/v2/ability/158/|https://pokeapi.co/api/v2/ability/128/
643,reshiram,32,3300,https://pokeapi.co/api/v2/ability/163/
644,zekrom,29,3450,https://pokeapi.co/api/v2/ability/164/
645,landorus-incarnate,15,680,https://pokeapi.co/api/v2/ability/159/|https://pokeapi.co/api/v2/ability/125/
646,kyurem,30,3250,https://pokeapi.co/api/v2/ability/46/
647,keldeo-ordinary,14,485,https://pokeapi.co/api/v2/ability/154/
648,meloetta-aria,6,65,https://pokeapi.co/api/v2/ability/32/
649,genesect,15,825,https://pokeapi.co/api/v2/ability/88/
650,chespin,4,90,https://pokeapi.co/api/v2/ability/65/|https://pokeapi.co/api/v2/ability/171/
651,quilladin,7,290,https://pokeapi.co/api/v2/ability/65/|https://pokeapi.co/api/v2/ability/171/
652,chesnaught,16,900,https://pokeapi.co/api/v2/ability/65/|https://pokeapi.co/api/v2/ability/171/
653,fennekin,4,94,https://pokeapi.co/api/v2/ability/66/|https://pokeapi.co/api/v2/ability/170/
654,braixen,10,145,https://pokeapi.co/api/v2/ability/66/|https://pokeapi.co/api/v2/ability/170/
655,delphox,15,390,https://pokeapi.co/api/v2/ability/66/|https://pokeapi.co/api/v2/ability/170/
656,froakie,3,70,https://pokeapi.co/api/v2/ability/67/|https://pokeapi.co/api/v2/ability/168/
657,frogadier,6,109,https://pokeapi.co/api/v2/ability/67/|https://pokeapi.co/api/v2/ability/168/
658,greninja,15,400,https://pokeapi.co/api/v2/ability/67/|https://pokeapi.co/api/v2/ability/168/
659,bunnelby,4,50,https://pokeapi.co/api/v2/ability/53/|https://pokeapi.co/api/v2/ability/167/|https://pokeapi.co/api/v2/ability/37/
660,diggersby,10,424,https://pokeapi.co/api/v2/ability/53/|https://pokeapi.co/api/v2/ability/167/|https://pokeapi.co/api/v2/ability/37/
661,fletchling,3,17,https://pokeapi.co/api/v2/ability/145/|https://pokeapi.co/api/v2/ability/177/
662,fletchinder,7,160,https://pokeapi.co/api/v2/ability/49/|https://pokeapi.co/api/v2/ability/177/
663,talonflame,12,245,https://pokeapi.co/api/v2/ability/49/|https://pokeapi.co/api/v2/ability/177/
664,scatterbug,3,25,https://pokeapi.co/api/v2/ability/19/|https://pokeapi.co/api/v2/ability/14/|https://pokeapi.co/api/v2/ability/132/
665,spewpa,3,84,https://pokeapi.co/api/v2/ability/61/|https://pokeapi.co/api/v2/ability/132/
666,vivillon,12,170,https://pokeapi.co/api/v2/ability/19/|https://pokeapi.co/api/v2/ability/14/|https://pokeapi.co/api/v2/ability/132/
667,litleo,6,135,https://pokeapi.co/api/v2/ability/79/|https://pokeapi.co/api/v2/ability/127/|https://pokeapi.co/api/v2/ability/153/
668,pyroar,15,815,https://pokeapi.co/api/v2/ability/79/|https://pokeapi.co/api/v2/ability/127/|https://pokeapi.co/api/v2/ability/153/
669,flabebe,1,1,https://pokeapi.co/api/v2/ability/166/|https://pokeapi.co/api/v2/ability/180/
670,floette,2,9,https://pokeapi.co/api/v2/ability/166/|https://pokeapi.co/api/v2/ability/180/
671,florges,11,100,https://pokeapi.co/api/v2/ability/166/|https://pokeapi.co/api/v2/ability/180/
672,skiddo,9,310,https://pokeapi.co/api/v2/ability/157/|https://pokeapi.co/api/v2/ability/179/
673,gogoat,17,910,https://pokeapi.co/api/v2/ability/157/|https://pokeapi.co/api/v2/ability/179/
674,pancham,6,80,https://pokeapi.co/api/v2/ability/89/|https://pokeapi.co/api/v2/ability/104/|https://pokeapi.co/api/v2/ability/113/
675,pangoro,21,1360,https://pokeapi.co/api/v2/ability/89/|https://pokeapi.co/api/v2/ability/104/|https://pokeapi.co/api/v2/ability/113/
676,furfrou,12,280,https://pokeapi.co/api/v2/ability/169/
677,espurr,3,35,https://pokeapi.co/api/v2/ability/51/|https://pokeapi.co/api/v2/ability/151/|https://pokeapi.co/api/v2/ability/20/
678,meowstic-male,6,85,https://pokeapi.co/api/v2/ability/51/|https://pokeapi.co/api/v2/ability/151/|https://pokeapi.co/api/v2/ability/158/
679,honedge,8,20,https://pokeapi.co/api/v2/ability/99/
680,doublade,8,45,https://pokeapi.co/api/v2/ability/99/
681,aegislash-shield,17,530,https://pokeapi.co/api/v2/ability/176/
682,spritzee,2,5,https://pokeapi.co/api/v2/ability/131/|https://pokeapi.co/api/v2/ability/165/
683,aromatisse,8,155,https://pokeapi.co/api/v2/ability/131/|https://pokeapi.co/api/v2/ability/165/
684,swirlix,4,35,https://pokeapi.co/api/v2/ability/175/|https://pokeapi.co/api/v2/ability/84/
685,slurpuff,8,50,https://pokeapi.co/api/v2/ability/175/|https://pokeapi.co/api/v2/ability/84/
686,inkay,4,35,https://pokeapi.co/api/v2/ability/126/|https://pokeapi.co/api/v2/ability/21/|https://pokeapi.co/api/v2/ability/151/
687,malamar,15,470,https://pokeapi.co/api/v2/ability/126/|https://pokeapi.co/api/v2/ability/21/|https://pokeapi.co/api/v2/ability/151/
688,binacle,5,310,https://pokeapi.co/api/v2/ability/181/|https://pokeapi.co/api/v2/ability/97/|https://pokeapi.co/api/v2/ability/124/
689,barbaracle,13,960,https://pokeapi.co/api/v2/ability/181/|https://pokeapi.co/api/v2/ability/97/|https://pokeapi.co/api/v2/ability/124/
690,skrelp,5,73,https://pokeapi.co/api/v2/ability/38/|https://pokeapi.co/api/v2/ability/143/|https://pokeapi.co/api/v2/ability/91/
691,dragalge,18,815,https://pokeapi.co/api/v2/ability/38/|https://pokeapi.co/api/v2/ability/143/|https://pokeapi.co/api/v2/ability/91/
692,clauncher,5,83,https://pokeapi.co/api/v2/ability/178/
693,clawitzer,13,353,https://pokeapi.co/api/v2/ability/178/
694,helioptile,5,60,https://pokeapi.co/api/v2/ability/87/|https://pokeapi.co/api/v2/ability/8/|https://pokeapi.co/api/v2/ability/94/
695,heliolisk,10,210,https://pokeapi.co/api/v2/ability/87/|https://pokeapi.co/api/v2/ability/8/|https://pokeapi.co/api/v2/ability/94/
696,tyrunt,8,260,https://pokeapi.co/api/v2/ability/173/|https://pokeapi.co/api/v2/ability/5/
697,tyrantrum,25,2700,https://pokeapi.co/api/v2/ability/173/|https://pokeapi.co/api/v2/ability/69/
698,amaura,13,252,https://pokeapi.co/api/v2/ability/174/|https://pokeapi.co/api/v2/ability/117/
699,aurorus,27,2250,https://pokeapi.co/api/v2/ability/174/|https://pokeapi.co/api/v2/ability/117/
700,sylveon,10,235,https://pokeapi.co/api/v2/ability/56/|https://pokeapi.co/api/v2/ability/182/
701,hawlucha,8,215,https://pokeapi.co/api/v2/ability/7/|https://pokeapi.co/api/v2/ability/84/|https://pokeapi.co/api/v2/ability/104/
702,dedenne,2,22,https://pokeapi.co/api/v2/ability/167/|https://pokeapi.co/api/v2/ability/53/|https://pokeapi.co/api/v2/ability/57/
703,carbink,3,57,https://pokeapi.co/api/v2/ability/29/|https://pokeapi.co/api/v2/ability/5/
704,goomy,3,28,https://pokeapi.co/api/v2/ability/157/|https://pokeapi.co/api/v2/ability/93/|https://pokeapi.co/api/v2/ability/183/
705,sliggoo,8,175,https://pokeapi.co/api/v2/ability/157/|https://pokeapi.co/api/v2/ability/93/|https://pokeapi.co/api/v2/ability/183/
706,goodra,20,1505,https://pokeapi.co/api/v2/ability/157/|https://pokeapi.co/api/v2/ability/93/|https://pokeapi.co/api/v2/ability/183/
707,klefki,2,30,https://pokeapi.co/api/v2/ability/158/|https://pokeapi.co/api/v2/ability/170/
708,phantump,4,70,https://pokeapi.co/api/v2/ability/30/|https://pokeapi.co/api/v2/ability/119/|https://pokeapi.co/api/v2/ability/139/
709,trevenant,15,710,https://pokeapi.co/api/v2/ability/30/|https://pokeapi.co/api/v2/ability/119/|https://pokeapi.co/api/v2/ability/139/
710,pumpkaboo-average,4,50,https://pokeapi.co/api/v2/ability/53/|https://pokeapi.co/api/v2/ability/119/|https://pokeapi.co/api/v2/ability/15/
711,gourgeist-average,9,125,https://pokeapi.co/api/v2/ability/53/|https://pokeapi.co/api/v2/ability/119/|https://pokeapi.co/api/v2/ability/15/
712,bergmite,10,995,https://pokeapi.co/api/v2/ability/20/|https://pokeapi.co/api/v2/ability/115/|https://pokeapi.co/api/v2/ability/5/
713,avalugg,20,5050,https://pokeapi.co/api/v2/ability/20/|https://pokeapi.co/api/v2/ability/115/|https://pokeapi.co/api/v2/ability/5/
714,noibat,5,80,https://pokeapi.co/api/v2/ability/119/|https://pokeapi.co/api/v2/ability/151/|https://pokeapi.co/api/v2/ability/140/
715,noivern,15,850,https://pokeapi.co/api/v2/ability/119/|https://pokeapi.co/api/v2/ability/151/|https://pokeapi.co/api/v2/ability/140/
716,xerneas,30,2150,https://pokeapi.co/api/v2/ability/187/
717,yveltal,58,2030,https://pokeapi.co/api/v2/ability/186/
718,zygarde-50,50,3050,https://pokeapi.co/api/v2/ability/188/
719,diancie,7,88,https://pokeapi.co/api/v2/ability/29/
720,hoopa,5,90,https://pokeapi.co/api/v2/ability/170/
721,volcanion,17,1950,https://pokeapi.co/api/v2/ability/11/
722,rowlet,3,15,https://pokeapi.co/api/v2/ability/65/|https://pokeapi.co/api/v2/ability/203/
723,dartrix,7,160,https://pokeapi.co/api/v2/ability/65/|https://pokeapi.co/api/v2/ability/203/
724,decidueye,16,366,https://pokeapi.co/api/v2/ability/65/|https://pokeapi.co/api/v2/ability/203/
725,litten,4,43,https://pokeapi.co/api/v2/ability/66/|https://pokeapi.co/api/v2/ability/22/
726,torracat,7,250,https://pokeapi.co/api/v2/ability/66/|https://pokeapi.co/api/v2/ability/22/
727,incineroar,18,830,https://pokeapi.co/api/v2/ability/66/|https://pokeapi.co/api/v2/ability/22/
728,popplio,4,75,https://pokeapi.co/api/v2/ability/67/|https://pokeapi.co/api/v2/ability/204/
729,brionne,6,175,https://pokeapi.co/api/v2/ability/67/|https://pokeapi.co/api/v2/ability/204/
730,primarina,18,440,https://pokeapi.co/api/v2/ability/67/|https://pokeapi.co/api/v2/ability/204/
731,pikipek,3,12,https://pokeapi.co/api/v2/ability/51/|https://pokeapi.co/api/v2/ability/92/|https://pokeapi.co/api/v2/ability/53/
732,trumbeak,6,148,https://pokeapi.co/api/v2/ability/51/|https://pokeapi.co/api/v2/ability/92/|https://pokeapi.co/api/v2/ability/53/
733,toucannon,11,260,https://pokeapi.co/api/v2/ability/51/|https://pokeapi.co/api/v2/ability/92/|https://pokeapi.co/api/v2/ability/125/
734,yungoos,4,60,https://pokeapi.co/api/v2/ability/198/|https://pokeapi.co/api/v2/ability/173/|https://pokeapi.co/api/v2/ability/91/
735,gumshoos,7,142,https://pokeapi.co/api/v2/ability/198/|https://pokeapi.co/api/v2/ability/173/|https://pokeapi.co/api/v2/ability/91/
736,grubbin,4,44,https://pokeapi.co/api/v2/ability/68/
737,charjabug,5,105,https://pokeapi.co/api/v2/ability/217/
738,vikavolt,15,450,https://pokeapi.co/api/v2/ability/26/
739,crabrawler,6,70,https://pokeapi.co/api/v2/ability/52/|https://pokeapi.co/api/v2/ability/89/|https://pokeapi.co/api/v2/ability/83/
740,crabominable,17,1800,https://pokeapi.co/api/v2/ability/52/|https://pokeapi.co/api/v2/ability/89/|https://pokeapi.co/api/v2/ability/83/
741,oricorio-baile,6,34,https://pokeapi.co/api/v2/ability/216/
742,cutiefly,1,2,https://pokeapi.co/api/v2/ability/118/|https://pokeapi.co/api/v2/ability/19/|https://pokeapi.co/api/v2/ability/175/
743,ribombee,2,5,https://pokeapi.co/api/v2/ability/118/|https://pokeapi.co/api/v2/ability/19/|https://pokeapi.co/api/v2/ability/175/
744,rockruff,5,92,https://pokeapi.co/api/v2/ability/51/|https://pokeapi.co/api/v2/ability/72/|https://pokeapi.co/api/v2/ability/80/
745,lycanroc-midday,8,250,https://pokeapi.co/api/v2/ability/51/|https://pokeapi.co/api/v2/ability/146/|https://pokeapi.co/api/v2/ability/80/
746,wishiwashi-solo,2,3,https://pokeapi.co/api/v2/ability/208/
747,mareanie,4,80,https://pokeapi.co/api/v2/ability/196/|https://pokeapi.co/api/v2/ability/7/|https://pokeapi.co/api/v2/ability/144/
748,toxapex,7,145,https://pokeapi.co/api/v2/ability/196/|https://pokeapi.co/api/v2/ability/7/|https://pokeapi.co/api/v2/ability/144/
749,mudbray,10,1100,https://pokeapi.co/api/v2/ability/20/|https://pokeapi.co/api/v2/ability/192/|https://pokeapi.co/api/v2/ability/39/
750,mudsdale,25,9200,https://pokeapi.co/api/v2/ability/20/|https://pokeapi.co/api/v2/ability/192/|https://pokeapi.co/api/v2/ability/39/
751,dewpider,3,40,https://pokeapi.co/api/v2/ability/199/|https://pokeapi.co/api/v2/ability/11/
752,araquanid,18,820,https://pokeapi.co/api/v2/ability/199/|https://pokeapi.co/api/v2/ability/11/
753,fomantis,3,15,https://pokeapi.co/api/v2/ability/102/|https://pokeapi.co/api/v2/ability/126/
754,lurantis,9,185,https://pokeapi.co/api/v2/ability/102/|https://pokeapi.co/api/v2/ability/126/
755,morelull,2,15,https://pokeapi.co/api/v2/ability/35/|https://pokeapi.co/api/v2/ability/27/|https://pokeapi.co/api/v2/ability/44/
756,shiinotic,10,115,https://pokeapi.co/api/v2/ability/35/|https://pokeapi.co/api/v2/ability/27/|https://pokeapi.co/api/v2/ability/44/
757,salandit,6,48,https://pokeapi.co/api/v2/ability/212/|https://pokeapi.co/api/v2/ability/12/
758,salazzle,12,222,https://pokeapi.co/api/v2/ability/212/|https://pokeapi.co/api/v2/ability/12/
759,stufful,5,68,https://pokeapi.co/api/v2/ability/218/|https://pokeapi.co/api/v2/ability/103/|https://pokeapi.co/api/v2/ability/56/
760,bewear,21,1350,https://pokeapi.co/api/v2/ability/218/|https://pokeapi.co/api/v2/ability/103/|https://pokeapi.co/api/v2/ability/127/
761,bounsweet,3,32,https://pokeapi.co/api/v2/ability/102/|https://pokeapi.co/api/v2/ability/12/|https://pokeapi.co/api/v2/ability/175/
762,steenee,7,82,https://pokeapi.co/api/v2/ability/102/|https://pokeapi.co/api/v2/ability/12/|https://pokeapi.co/api/v2/ability/175/
763,tsareena,12,214,https://pokeapi.co/api/v2/ability/102/|https://pokeapi.co/api/v2/ability/214/|https://pokeapi.co/api/v2/ability/175/
764,comfey,1,3,https://pokeapi.co/api/v2/ability/166/|https://pokeapi.co/api/v2/ability/205/|https://pokeapi.co/api/v2/ability/30/
765,oranguru,15,760,https://pokeapi.co/api/v2/ability/39/|https://pokeapi.co/api/v2/ability/140/|https://pokeapi.co/api/v2/ability/180/
766,passimian,20,828,https://pokeapi.co/api/v2/ability/222/|https://pokeapi.co/api/v2/ability/128/
767,wimpod,5,120,https://pokeapi.co/api/v2/ability/193/
768,golisopod,20,1080,https://pokeapi.co/api/v2/ability/194/
769,sandygast,5,700,https://pokeapi.co/api/v2/ability/195/|https://pokeapi.co/api/v2/ability/8/
770,palossand,13,2500,https://pokeapi.co/api/v2/ability/195/|https://pokeapi.co/api/v2/ability/8/
771,pyukumuku,3,12,https://pokeapi.co/api/v2/ability/215/|https://pokeapi.co/api/v2/ability/109/
772,type-null,19,1205,https://pokeapi.co/api/v2/ability/4/
773,silvally,23,1005,https://pokeapi.co/api/v2/ability/225/
774,minior-red-meteor,3,400,https://pokeapi.co/api/v2/ability/197/
775,komala,4,199,https://pokeapi.co/api/v2/ability/213/
776,turtonator,20,2120,https://pokeapi.co/api/v2/ability/75/
777,togedemaru,3,33,https://pokeapi.co/api/v2/ability/160/|https://pokeapi.co/api/v2/ability/31/|https://pokeapi.co/api/v2/ability/5/
778,mimikyu-disguised,2,7,https://pokeapi.co/api/v2/ability/209/
779,bruxish,9,190,https://pokeapi.co/api/v2/ability/219/|https://pokeapi.co/api/v2/ability/173/|https://pokeapi.co/api/v2/ability/147/
780,drampa,30,1850,https://pokeapi.co/api/v2/ability/201/|https://pokeapi.co/api/v2/ability/157/|https://pokeapi.co/api/v2/ability/13/
781,dhelmise,39,2100,https://pokeapi.co/api/v2/ability/200/
782,jangmo-o,6,297,https://pokeapi.co/api/v2/ability/171/|https://pokeapi.co/api/v2/ability/43/|https://pokeapi.co/api/v2/ability/142/
783,hakamo-o,12,470,https://pokeapi.co/api/v2/ability/171/|https://pokeapi.co/api/v2/ability/43/|https://pokeapi.co/api/v2/ability/142/
784,kommo-o,16,782,https://pokeapi.co/api/v2/ability/171/|https://pokeapi.co/api/v2/ability/43/|https://pokeapi.co/api/v2/ability/142/
785,tapu-koko,18,205,https://pokeapi.co/api/v2/ability/226/|https://pokeapi.co/api/v2/ability/140/
786,tapu-lele,12,186,https://pokeapi.co/api/v2/ability/227/|https://pokeapi.co/api/v2/ability/140/
787,tapu-bulu,19,455,https://pokeapi.co/api/v2/ability/229/|https://pokeapi.co/api/v2/ability/140/
788,tapu-fini,13,212,https://pokeapi.co/api/v2/ability/228/|https://pokeapi.co/api/v2/ability/140/
789,cosmog,2,1,https://pokeapi.co/api/v2/ability/109/
790,cosmoem,1,9999,https://pokeapi.co/api/v2/ability/5/
791,solgaleo,34,2300,https://pokeapi.co/api/v2/ability/230/
792,lunala,40,1200,https://pokeapi.co/api/v2/ability/231/
793,nihilego,12,555,https://pokeapi.co/api/v2/ability/224/
794,buzzwole,24,3336,https://pokeapi.co/api/v2/ability/224/
795,pheromosa,18,250,https://pokeapi.co/api/v2/ability/224/
796,xurkitree,38,1000,https://pokeapi.co/api/v2/ability/224/
797,celesteela,92,9999,https://pokeapi.co/api/v2/ability/224/
798,kartana,3,1,https://pokeapi.co/api/v2/ability/224/
799,guzzlord,55,8880,https://pokeapi.co/api/v2/ability/224/
800,necrozma,24,2300,https://pokeapi.co/api/v2/ability/232/
801,magearna,10,805,https://pokeapi.co/api/v2/ability/220/
802,marshadow,7,222,https://pokeapi.co/api/v2/ability/101/
803,poipole,6,18,https://pokeapi.co/api/v2/ability/224/
804,naganadel,36,1500,https://pokeapi.co/api/v2/ability/224/
805,stakataka,55,8200,https://pokeapi.co/api/v2/ability/224/
806,blacephalon,18,130,https://pokeapi.co/api/v2/ability/224/
807,zeraora,15,445,https://pokeapi.co/api/v2/ability/10/
808,meltan,2,80,https://pokeapi.co/api/v2/ability/42/
809,melmetal,25,8000,https://pokeapi.co/api/v2/ability/89/
810,grookey,3,50,https://pokeapi.co/api/v2/ability/65/|https://pokeapi.co/api/v2/ability/229/
811,thwackey,7,140,https://pokeapi.co/api/v2/ability/65/|https://pokeapi.co/api/v2/ability/229/
812,rillaboom,21,900,https://pokeapi.co/api/v2/ability/65/|https://pokeapi.co/api/v2/ability/229/
813,scorbunny,3,45,https://pokeapi.co/api/v2/ability/66/|https://pokeapi.co/api/v2/ability/236/
814,raboot,6,90,https://pokeapi.co/api/v2/ability/66/|https://pokeapi.co/api/v2/ability/236/
815,cinderace,14,330,https://pokeapi.co/api/v2/ability/66/|https://pokeapi.co/api/v2/ability/236/
816,sobble,3,40,https://pokeapi.co/api/v2/ability/67/|https://pokeapi.co/api/v2/ability/97/
817,drizzile,7,115,https://pokeapi.co/api/v2/ability/67/|https://pokeapi.co/api/v2/ability/97/
818,inteleon,19,452,https://pokeapi.co/api/v2/ability/67/|https://pokeapi.co/api/v2/ability/97/
819,skwovet,3,25,https://pokeapi.co/api/v2/ability/167/|https://pokeapi.co/api/v2/ability/82/
820,greedent,6,60,https://pokeapi.co/api/v2/ability/167/|https://pokeapi.co/api/v2/ability/82/
821,rookidee,2,18,https://pokeapi.co/api/v2/ability/51/|https://pokeapi.co/api/v2/ability/127/|https://pokeapi.co/api/v2/ability/145/
822,corvisquire,8,160,https://pokeapi.co/api/v2/ability/51/|https://pokeapi.co/api/v2/ability/127/|https://pokeapi.co/api/v2/ability/145/
823,corviknight,22,750,https://pokeapi.co/api/v2/ability/46/|https://pokeapi.co/api/v2/ability/127/|https://pokeapi.co/api/v2/ability/240/
824,blipbug,4,80,https://pokeapi.co/api/v2/ability/68/|https://pokeapi.co/api/v2/ability/14/|https://pokeapi.co/api/v2/ability/140/
825,dottler,4,195,https://pokeapi.co/api/v2/ability/68/|https://pokeapi.co/api/v2/ability/14/|https://pokeapi.co/api/v2/ability/140/
826,orbeetle,4,408,https://pokeapi.co/api/v2/ability/68/|https://pokeapi.co/api/v2/ability/119/|https://pokeapi.co/api/v2/ability/140/
827,nickit,6,89,https://pokeapi.co/api/v2/ability/50/|https://pokeapi.co/api/v2/ability/84/|https://pokeapi.co/api/v2/ability/198/
828,thievul,12,199,https://pokeapi.co/api/v2/ability/50/|https://pokeapi.co/api/v2/ability/84/|https://pokeapi.co/api/v2/ability/198/
829,gossifleur,4,22,https://pokeapi.co/api/v2/ability/238/|https://pokeapi.co/api/v2/ability/144/|https://pokeapi.co/api/v2/ability/27/
830,eldegoss,5,25,https://pokeapi.co/api/v2/ability/238/|https://pokeapi.co/api/v2/ability/144/|https://pokeapi.co/api/v2/ability/27/
831,wooloo,6,60,https://pokeapi.co/api/v2/ability/218/|https://pokeapi.co/api/v2/ability/50/|https://pokeapi.co/api/v2/ability/171/
832,dubwool,13,430,https://pokeapi.co/api/v2/ability/218/|https://pokeapi.co/api/v2/ability/80/|https://pokeapi.co/api/v2/ability/171/
833,chewtle,3,85,https://pokeapi.co/api/v2/ability/173/|https://pokeapi.co/api/v2/ability/75/|https://pokeapi.co/api/v2/ability/33/
834,drednaw,10,1155,https://pokeapi.co/api/v2/ability/173/|https://pokeapi.co/api/v2/ability/75/|https://pokeapi.co/api/v2/ability/33/
835,yamper,3,135,https://pokeapi.co/api/v2/ability/237/|https://pokeapi.co/api/v2/ability/155/
836,boltund,10,340,https://pokeapi.co/api/v2/ability/173/|https://pokeapi.co/api/v2/ability/172/
837,rolycoly,3,120,https://pokeapi.co/api/v2/ability/243/|https://pokeapi.co/api/v2/ability/85/|https://pokeapi.co/api/v2/ability/18/
838,carkol,11,780,https://pokeapi.co/api/v2/ability/243/|https://pokeapi.co/api/v2/ability/49/|https://pokeapi.co/api/v2/ability/18/
839,coalossal,28,3105,https://pokeapi.co/api/v2/ability/243/|https://pokeapi.co/api/v2/ability/49/|https://pokeapi.co/api/v2/ability/18/
840,applin,2,5,https://pokeapi.co/api/v2/ability/247/|https://pokeapi.co/api/v2/ability/82/|https://pokeapi.co/api/v2/ability/171/
841,flapple,3,10,https://pokeapi.co/api/v2/ability/247/|https://pokeapi.co/api/v2/ability/82/|https://pokeapi.co/api/v2/ability/55/
842,appletun,4,130,https://pokeapi.co/api/v2/ability/247/|https://pokeapi.co/api/v2/ability/82/|https://pokeapi.co/api/v2/ability/47/
843,silicobra,22,76,https://pokeapi.co/api/v2/ability/245/|https://pokeapi.co/api/v2/ability/61/|https://pokeapi.co/api/v2/ability/8/
844,sandaconda,38,655,https://pokeapi.co/api/v2/ability/245/|https://pokeapi.co/api/v2/ability/61/|https://pokeapi.co/api/v2/ability/8/
845,cramorant,8,180,https://pokeapi.co/api/v2/ability/241/
846,arrokuda,5,10,https://pokeapi.co/api/v2/ability/33/|https://pokeapi.co/api/v2/ability/239/
847,barraskewda,13,300,https://pokeapi.co/api/v2/ability/33/|https://pokeapi.co/api/v2/ability/239/
848,toxel,4,110,https://pokeapi.co/api/v2/ability/155/|https://pokeapi.co/api/v2/ability/9/|https://pokeapi.co/api/v2/ability/103/
849,toxtricity-amped,16,400,https://pokeapi.co/api/v2/ability/244/|https://pokeapi.co/api/v2/ability/57/|https://pokeapi.co/api/v2/ability/101/
850,sizzlipede,7,10,https://pokeapi.co/api/v2/ability/18/|https://pokeapi.co/api/v2/ability/73/|https://pokeapi.co/api/v2/ability/49/
851,centiskorch,30,1200,https://pokeapi.co/api/v2/ability/18/|https://pokeapi.co/api/v2/ability/73/|https://pokeapi.co/api/v2/ability/49/
852,clobbopus,6,40,https://pokeapi.co/api/v2/ability/7/|https://pokeapi.co/api/v2/ability/101/
853,grapploct,16,390,https://pokeapi.co/api/v2/ability/7/|https://pokeapi.co/api/v2/ability/101/
854,sinistea,1,2,https://pokeapi.co/api/v2/ability/133/|https://pokeapi.co/api/v2/ability/130/
855,polteageist,2,4,https://pokeapi.co/api/v2/ability/133/|https://pokeapi.co/api/v2/ability/130/
856,hatenna,4,34,https://pokeapi.co/api/v2/ability/131/|https://pokeapi.co/api/v2/ability/107/|https://pokeapi.co/api/v2/ability/156/
857,hattrem,6,48,https://pokeapi.co/api/v2/ability/131/|https://pokeapi.co/api/v2/ability/107/|https://pokeapi.co/api/v2/ability/156/
858,hatterene,21,51,https://pokeapi.co/api/v2/ability/131/|https://pokeapi.co/api/v2/ability/107/|https://pokeapi.co/api/v2/ability/156/
859,impidimp,4,55,https://pokeapi.co/api/v2/ability/158/|https://pokeapi.co/api/v2/ability/119/|https://pokeapi.co/api/v2/ability/124/
860,morgrem,8,125,https://pokeapi.co/api/v2/ability/158/|https://pokeapi.co/api/v2/ability/119/|https://pokeapi.co/api/v2/ability/124/
861,grimmsnarl,15,610,https://pokeapi.co/api/v2/ability/158/|https://pokeapi.co/api/v2/ability/119/|https://pokeapi.co/api/v2/ability/124/
862,obstagoon,16,460,https://pokeapi.co/api/v2/ability/120/|https://pokeapi.co/api/v2/ability/62/|https://pokeapi.co/api/v2/ability/128/
863,perrserker,8,280,https://pokeapi.co/api/v2/ability/4/|https://pokeapi.co/api/v2/ability/181/|https://pokeapi.co/api/v2/ability/252/
864,cursola,10,4,https://pokeapi.co/api/v2/ability/133/|https://pokeapi.co/api/v2/ability/253/
865,sirfetchd,8,1170,https://pokeapi.co/api/v2/ability/80/|https://pokeapi.co/api/v2/ability/113/
866,mr-rime,15,582,https://pokeapi.co/api/v2/ability/77/|https://pokeapi.co/api/v2/ability/251/|https://pokeapi.co/api/v2/ability/115/
867,runerigus,16,666,https://pokeapi.co/api/v2/ability/254/
868,milcery,2,3,https://pokeapi.co/api/v2/ability/175/|https://pokeapi.co/api/v2/ability/165/
869,alcremie,3,5,https://pokeapi.co/api/v2/ability/175/|https://pokeapi.co/api/v2/ability/165/
870,falinks,30,620,https://pokeapi.co/api/v2/ability/4/|https://pokeapi.co/api/v2/ability/128/
871,pincurchin,3,10,https://pokeapi.co/api/v2/ability/31/|https://pokeapi.co/api/v2/ability/226/
872,snom,3,38,https://pokeapi.co/api/v2/ability/19/|https://pokeapi.co/api/v2/ability/246/
873,frosmoth,13,420,https://pokeapi.co/api/v2/ability/19/|https://pokeapi.co/api/v2/ability/246/
874,stonjourner,25,5200,https://pokeapi.co/api/v2/ability/249/
875,eiscue-ice,14,890,https://pokeapi.co/api/v2/ability/248/
876,indeedee-male,9,280,https://pokeapi.co/api/v2/ability/39/|https://pokeapi.co/api/v2/ability/28/|https://pokeapi.co/api/v2/ability/227/
877,morpeko-full-belly,3,30,https://pokeapi.co/api/v2/ability/258/
878,cufant,12,1000,https://pokeapi.co/api/v2/ability/125/|https://pokeapi.co/api/v2/ability/134/
879,copperajah,30,6500,https://pokeapi.co/api/v2/ability/125/|https://pokeapi.co/api/v2/ability/134/
880,dracozolt,18,1900,https://pokeapi.co/api/v2/ability/10/|https://pokeapi.co/api/v2/ability/55/|https://pokeapi.co/api/v2/ability/146/
881,arctozolt,23,1500,https://pokeapi.co/api/v2/ability/10/|https://pokeapi.co/api/v2/ability/9/|https://pokeapi.co/api/v2/ability/202/
882,dracovish,23,2150,https://pokeapi.co/api/v2/ability/11/|https://pokeapi.co/api/v2/ability/173/|https://pokeapi.co/api/v2/ability/146/
883,arctovish,20,1750,https://pokeapi.co/api/v2/ability/11/|https://pokeapi.co/api/v2/ability/115/|https://pokeapi.co/api/v2/ability/202/
884,duraludon,18,400,https://pokeapi.co/api/v2/ability/135/|https://pokeapi.co/api/v2/ability/134/|https://pokeapi.co/api/v2/ability/242/
885,dreepy,5,20,https://pokeapi.co/api/v2/ability/29/|https://pokeapi.co/api/v2/ability/151/|https://pokeapi.co/api/v2/ability/130/
886,drakloak,14,110,https://pokeapi.co/api/v2/ability/29/|https://pokeapi.co/api/v2/ability/151/|https://pokeapi.co/api/v2/ability/130/
887,dragapult,30,500,https://pokeapi.co/api/v2/ability/29/|https://pokeapi.co/api/v2/ability/151/|https://pokeapi.co/api/v2/ability/130/
888,zacian,28,1100,https://pokeapi.co/api/v2/ability/234/
889,zamazenta,29,2100,https://pokeapi.co/api/v2/ability/235/
890,eternatus,200,9500,https://pokeapi.co/api/v2/ability/46/
891,kubfu,6,120,https://pokeapi.co/api/v2/ability/39/
892,urshifu-single-strike,19,1050,https://pokeapi.co/api/v2/ability/260/
893,zarude,18,700,https://pokeapi.co/api/v2/ability/102/
894,regieleki,12,1450,https://pokeapi.co/api/v2/ability/262/
895,regidrago,21,2000,https://pokeapi.co/api/v2/ability/263/
896,glastrier,22,8000,https://pokeapi.co/api/v2/ability/264/
897,spectrier,20,445,https://pokeapi.co/api/v2/ability/265/
898,calyrex,11,77,https://pokeapi.co/api/v2/ability/127/
899,wyrdeer,18,951,https://pokeapi.co/api/v2/ability/22/|https://pokeapi.co/api/v2/ability/119/|https://pokeapi.co/api/v2/ability/157/
900,kleavor,18,890,https://pokeapi.co/api/v2/ability/68/|https://pokeapi.co/api/v2/ability/125/|https://pokeapi.co/api/v2/ability/80/
901,ursaluna,24,2900,
902,basculegion-male,30,1100,https://pokeapi.co/api/v2/ability/155/|https://pokeapi.co/api/v2/ability/91/|https://pokeapi.co/api/v2/ability/104/
903,sneasler,13,430,https://pokeapi.co/api/v2/ability/46/|https://pokeapi.co/api/v2/ability/143/
904,overqwil,25,605,https://pokeapi.co/api/v2/ability/38/|https://pokeapi.co/api/v2/ability/33/|https://pokeapi.co/api/v2/ability/22/
905,enamorus-incarnate,16,480,https://pokeapi.co/api/v2/ability/131/|https://pokeapi.co/api/v2/ability/126/
